-- Generated by scripts/gen-speakers-companies.py — do not edit by hand.
-- Companies, speakers, and event_speakers from the 6-year archive.

DELETE FROM event_speakers;
DELETE FROM speakers;
DELETE FROM companies;

INSERT OR REPLACE INTO companies (id,name,slug,sector,logo_url,website,description,featured,sort_order,is_active) VALUES
('co-trendyol','Trendyol','trendyol','E-ticaret','/logos/trendyol.png','https://www.trendyol.com','',1,0,1),
('co-adesso','adesso','adesso','Yazılım','','https://www.adesso.com.tr','',1,1,1),
('co-google','Google','google','Yazılım','/logos/google.png','https://www.google.com','',1,2,1),
('co-hepsiburada','Hepsiburada','hepsiburada','E-ticaret','/logos/hepsiburada.png','https://www.hepsiburada.com','',1,3,1),
('co-akbank','Akbank','akbank','Banka','/logos/akbank.png','https://www.akbank.com','',1,4,1),
('co-mikrogrup','Mikrogrup','mikrogrup','Yazılım','','https://www.mikro.com.tr','',1,5,1),
('co-teknasyon','Teknasyon','teknasyon','Yazılım','/logos/teknasyon.png','https://teknasyon.com','',1,6,1),
('co-garanti-bbva','Garanti BBVA','garanti-bbva','Banka','/logos/garanti-bbva.png','https://www.garantibbva.com.tr','',1,7,1),
('co-lodos','Lodos','lodos','Yazılım','','https://lodos.io','',1,8,1),
('co-softtech','Softtech','softtech','Yazılım','/logos/softtech.png','https://softtech.com.tr','',1,9,1),
('co-komtas','KOMTAŞ','komtas','Yazılım','','https://www.komtas.com','',1,10,1),
('co-marti','Martı','marti','Mobilite','/logos/marti.png','https://www.marti.tech','',1,11,1),
('co-microsoft','Microsoft','microsoft','Yazılım','/logos/microsoft.png','https://www.microsoft.com','',1,12,1),
('co-oredata','Oredata','oredata','Bulut & Altyapı','','https://oredata.com','',1,13,1),
('co-amazon-web-services','Amazon Web Services','amazon-web-services','Bulut & Altyapı','/logos/amazon-web-services.png','https://aws.amazon.com','',0,14,1),
('co-beymen','Beymen','beymen','Perakende','','https://www.beymen.com','',0,15,1),
('co-commencis','Commencis','commencis','Yazılım','/logos/commencis.png','https://www.commencis.com','',0,16,1),
('co-huawei','Huawei','huawei','Telekom','','https://www.huawei.com','',0,17,1),
('co-lc-waikiki','LC Waikiki','lc-waikiki','Perakende','/logos/lc-waikiki.png','https://www.lcwaikiki.com','',0,18,1),
('co-mobiliz','Mobiliz','mobiliz','Mobilite','','https://mobiliz.com.tr','',0,19,1),
('co-ngc','NGC','ngc','Diğer','','','',0,20,1),
('co-tom-bank','TOM Bank','tom-bank','Banka','/logos/tom-bank.png','https://tombank.com.tr','',0,21,1),
('co-kafein-technology','Kafein Technology','kafein-technology','Yazılım','','https://www.kafein.com.tr','',0,22,1),
('co-roofstacks','Roofstacks','roofstacks','Yazılım','/logos/roofstacks.png','https://www.roofstacks.com','',0,23,1),
('co-abdibio','ABDİBİO','abdibio','Sağlık','','','',0,24,1),
('co-ar-code','AR Code','ar-code','Yazılım','','https://ar-code.com','',0,25,1),
('co-acarlar','Acarlar','acarlar','Diğer','','','',0,26,1),
('co-adapty','Adapty','adapty','Yazılım','','https://adapty.io','',0,27,1),
('co-agrovisio','Agrovisio','agrovisio','Yapay Zekâ','','https://agrovisio.com.tr','',0,28,1),
('co-aktif-tech','Aktif Tech','aktif-tech','Yazılım','/logos/aktif-tech.png','','',0,29,1),
('co-alleo','Alleo','alleo','Yazılım','/logos/alleo.png','','',0,30,1),
('co-amerikan-hastanesi','Amerikan Hastanesi','amerikan-hastanesi','Sağlık','','https://www.amerikanhastanesi.org','',0,31,1),
('co-appcircle','Appcircle','appcircle','Yazılım','/logos/appcircle.png','https://appcircle.io','',0,32,1),
('co-appleads','Appleads','appleads','Medya & Eğlence','/logos/appleads.png','','',0,33,1),
('co-artussu-teknoloji','Artüssü Teknoloji','artussu-teknoloji','Medya & Eğlence','','https://www.artussu.com','',0,34,1),
('co-aselsan','Aselsan','aselsan','Havacılık & Savunma','','https://www.aselsan.com','',0,35,1),
('co-bein-media-group','beIN Media Group','bein-media-group','Medya & Eğlence','','https://www.beinmediagroup.com','',0,36,1),
('co-beko','Beko','beko','Diğer','/logos/beko.png','https://www.beko.com','',0,37,1),
('co-bilge-adam','Bilge Adam','bilge-adam','Eğitim','','https://www.bilgeadam.com','',0,38,1),
('co-bilyoner','Bilyoner','bilyoner','Oyun','/logos/bilyoner.png','https://www.bilyoner.com','',0,39,1),
('co-biorotec-bionic','Biorotec Bionic','biorotec-bionic','Sağlık','','','',0,40,1),
('co-blind-id','Blind ID','blind-id','Siber Güvenlik','','','',0,41,1),
('co-blue-sky','Blue Sky','blue-sky','Diğer','','','',0,42,1),
('co-codeway','Codeway','codeway','Yazılım','/logos/codeway.png','https://codeway.co','',0,43,1),
('co-d360-bank','D360 Bank','d360-bank','Banka','/logos/d360-bank.png','https://d360.com','',0,44,1),
('co-dop','DOP','dop','Diğer','','','',0,45,1),
('co-datapad','Datapad','datapad','Yapay Zekâ','','https://datapad.io','',0,46,1),
('co-deepset','deepset','deepset','Yapay Zekâ','/logos/deepset.png','https://www.deepset.ai','',0,47,1),
('co-defacto','DeFacto','defacto','Perakende','','https://www.defacto.com','',0,48,1),
('co-demiroren-teknoloji','Demirören Teknoloji','demiroren-teknoloji','Yazılım','','https://www.demirorenteknoloji.com','',0,49,1),
('co-denebunu','Denebunu','denebunu','Yazılım','','https://denebunu.com','',0,50,1),
('co-dogus-teknoloji','Doğuş Teknoloji','dogus-teknoloji','Yazılım','/logos/dogus-teknoloji.png','https://www.dogusteknoloji.com.tr','',0,51,1),
('co-epam-systems','EPAM Systems','epam-systems','Yazılım','/logos/epam-systems.png','https://www.epam.com','',0,52,1),
('co-enocta','Enocta','enocta','Eğitim','','https://www.enocta.com','',0,53,1),
('co-exclusive-networks','Exclusive Networks','exclusive-networks','Siber Güvenlik','/logos/exclusive-networks.png','https://www.exclusive-networks.com','',0,54,1),
('co-flo-teknoloji','FLO Teknoloji','flo-teknoloji','Yazılım','','','',0,55,1),
('co-fibabanka','Fibabanka','fibabanka','Banka','/logos/fibabanka.png','https://www.fibabanka.com.tr','',0,56,1),
('co-finartz','Finartz','finartz','Fintech','/logos/finartz.png','https://www.finartz.com','',0,57,1),
('co-flutter-turkey','Flutter Turkey','flutter-turkey','Diğer','','','',0,58,1),
('co-forinvest','ForInvest','forinvest','Fintech','','https://www.forinvest.com','',0,59,1),
('co-gdc','GDC','gdc','Diğer','','','',0,60,1),
('co-game-factory','Game Factory','game-factory','Oyun','','','',0,61,1),
('co-gelir-idaresi-baskanligi','Gelir İdaresi Başkanlığı','gelir-idaresi-baskanligi','Kamu','/logos/gelir-idaresi-baskanligi.png','https://www.gib.gov.tr','',0,62,1),
('co-georgia-institute-of-technology','Georgia Institute of Technology','georgia-institute-of-technology','Eğitim','','https://www.gatech.edu','',0,63,1),
('co-global-it','Global IT','global-it','Yazılım','','','',0,64,1),
('co-grafana-labs','Grafana Labs','grafana-labs','Yazılım','','https://grafana.com','',0,65,1),
('co-hd-hyundai','HD Hyundai','hd-hyundai','Diğer','','https://www.hd.com','',0,66,1),
('co-hub-energy','HUB Energy','hub-energy','Diğer','','','',0,67,1),
('co-hubx','HubX','hubx','Yazılım','','https://hubx.co','',0,68,1),
('co-harmony-data-solutions','Harmony Data Solutions','harmony-data-solutions','Yazılım','','','',0,69,1),
('co-ibtech','IBTECH','ibtech','Yazılım','','https://www.ibtech.com.tr','',0,70,1),
('co-innova','Innova','innova','Yazılım','/logos/innova.png','https://www.innova.com.tr','',0,71,1),
('co-insider','Insider','insider','Yapay Zekâ','','https://useinsider.com','',0,72,1),
('co-instacart','Instacart','instacart','E-ticaret','/logos/instacart.png','https://www.instacart.com','',0,73,1),
('co-inzva','inzva','inzva','Eğitim','','https://inzva.com','',0,74,1),
('co-jotform','Jotform','jotform','Yazılım','','https://www.jotform.com','',0,75,1),
('co-kolektif-academy','Kolektif Academy','kolektif-academy','Eğitim','','','',0,76,1),
('co-letgo','letgo','letgo','E-ticaret','','https://www.letgo.com','',0,77,1),
('co-loadium','Loadium','loadium','Yazılım','','https://loadium.com','',0,78,1),
('co-logo-yazilim','Logo Yazılım','logo-yazilim','Yazılım','/logos/logo-yazilim.png','https://www.logo.com.tr','',0,79,1),
('co-lyrebird-studio','Lyrebird Studio','lyrebird-studio','Yazılım','/logos/lyrebird-studio.png','https://lyrebirdstudio.net','',0,80,1),
('co-mercedes-benz','Mercedes-Benz','mercedes-benz','Otomotiv','','https://www.mercedes-benz.com','',0,81,1),
('co-midas','Midas','midas','Fintech','','https://www.getmidas.com','',0,82,1),
('co-migros-one','Migros One','migros-one','Yazılım','/logos/migros-one.png','','',0,83,1),
('co-mobillium','Mobillium','mobillium','Yazılım','','https://www.mobillium.com','',0,84,1),
('co-mobven','Mobven','mobven','Yazılım','','https://mobven.com','',0,85,1),
('co-monday-hero','Monday Hero','monday-hero','Yazılım','','https://mondayhero.io','',0,86,1),
('co-neuralwork','Neuralwork','neuralwork','Yapay Zekâ','','https://neuralwork.ai','',0,87,1),
('co-nike','Nike','nike','Perakende','','https://www.nike.com','',0,88,1),
('co-odeabank','Odeabank','odeabank','Banka','','https://www.odeabank.com.tr','',0,89,1),
('co-otokoc-otomotiv','Otokoç Otomotiv','otokoc-otomotiv','Otomotiv','','https://www.otokocotomotiv.com.tr','',0,90,1),
('co-papara','Papara','papara','Fintech','','https://www.papara.com','',0,91,1),
('co-pazarama','Pazarama','pazarama','E-ticaret','/logos/pazarama.png','https://www.pazarama.com','',0,92,1),
('co-pingpong-university','Pingpong University','pingpong-university','Eğitim','','','',0,93,1),
('co-plainify','Plainify','plainify','Yazılım','','','',0,94,1),
('co-princeton-university','Princeton University','princeton-university','Eğitim','','https://www.princeton.edu','',0,95,1),
('co-prodigi-solutions','Prodigi Solutions','prodigi-solutions','Yapay Zekâ','','https://www.prodigisol.com','',0,96,1),
('co-protel','Protel','protel','Yazılım','','https://www.protel.com.tr','',0,97,1),
('co-pttavm','PttAVM','pttavm','E-ticaret','/logos/pttavm.png','https://www.pttavm.com','',0,98,1),
('co-pubinho','Pubinho','pubinho','Oyun','','','',0,99,1),
('co-pusula-kurumsal-is-cozumleri','Pusula Kurumsal İş Çözümleri','pusula-kurumsal-is-cozumleri','Sağlık','','https://www.pusulayazilim.com.tr','',0,100,1),
('co-roiva','ROIVA','roiva','Medya & Eğlence','','https://roiva.co','',0,101,1),
('co-ratic','Ratic','ratic','Oyun','','','',0,102,1),
('co-refik-anadol-studio','Refik Anadol Studio','refik-anadol-studio','Medya & Eğlence','','https://refikanadol.com','',0,103,1),
('co-runelab','RuneLab','runelab','Eğitim','','https://runelab.ai','',0,104,1),
('co-sap','SAP','sap','Yazılım','','https://www.sap.com','',0,105,1),
('co-sst-technology','SST Technology','sst-technology','Yazılım','','','',0,106,1),
('co-safebox-aiseclab','Safebox / AISecLab','safebox-aiseclab','Siber Güvenlik','','https://safebox.ai','',0,107,1),
('co-sahibinden','Sahibinden','sahibinden','E-ticaret','/logos/sahibinden.png','https://www.sahibinden.com','',0,108,1),
('co-sambapos','SambaPOS','sambapos','Yazılım','/logos/sambapos.png','https://www.sambapos.com','',0,109,1),
('co-setgreet','Setgreet','setgreet','Yazılım','/logos/setgreet.png','https://www.setgreet.com','',0,110,1),
('co-siemens','Siemens','siemens','Diğer','','https://www.siemens.com','',0,111,1),
('co-sompo-teknoloji','Sompo Teknoloji','sompo-teknoloji','Yazılım','','https://www.sompoteknoloji.com.tr','',0,112,1),
('co-sufle','Sufle','sufle','Bulut & Altyapı','','https://www.sufle.io','',0,113,1),
('co-tazi-ai','TAZI AI','tazi-ai','Yapay Zekâ','','https://www.tazi.ai','',0,114,1),
('co-talentops','TalentOps','talentops','İnsan Kaynakları','','https://talentops.net','',0,115,1),
('co-techcareer','Techcareer','techcareer','İnsan Kaynakları','','https://www.techcareer.net','',0,116,1),
('co-the-big-things','The Big Things','the-big-things','Yapay Zekâ','/logos/the-big-things.png','','',0,117,1),
('co-tirendaz-academy','Tirendaz Academy','tirendaz-academy','Eğitim','','','',0,118,1),
('co-turkcell','Turkcell','turkcell','Telekom','','https://www.turkcell.com.tr','',0,119,1),
('co-turkish-aerospace','Turkish Aerospace','turkish-aerospace','Havacılık & Savunma','','https://www.tusas.com','',0,120,1),
('co-turkish-airlines','Turkish Airlines','turkish-airlines','Havacılık & Savunma','/logos/turkish-airlines.png','https://www.turkishairlines.com','',0,121,1),
('co-turkish-technology','Turkish Technology','turkish-technology','Yazılım','','https://www.turkishtechnology.com','',0,122,1),
('co-turk-siber-birligi','Türk Siber Birliği','turk-siber-birligi','Siber Güvenlik','','','',0,123,1),
('co-turk-telekom','Türk Telekom','turk-telekom','Telekom','/logos/turk-telekom.png','https://www.turktelekom.com.tr','',0,124,1),
('co-udemy','Udemy','udemy','Eğitim','/logos/udemy.png','https://www.udemy.com','',0,125,1),
('co-upwork','Upwork','upwork','İnsan Kaynakları','','https://www.upwork.com','',0,126,1),
('co-vngrs','VNGRS','vngrs','Yazılım','','https://vngrs.com','',0,127,1),
('co-verinin-mutfagi','Verinin Mutfağı','verinin-mutfagi','Eğitim','','','',0,128,1),
('co-vigo','Vigo','vigo','Mobilite','','https://vigovigo.com','',0,129,1),
('co-vinter','Vinter','vinter','İnsan Kaynakları','','https://vinter.me','',0,130,1),
('co-viza','Viza','viza','Diğer','','','',0,131,1),
('co-vodafone','Vodafone','vodafone','Telekom','','https://www.vodafone.com.tr','',0,132,1),
('co-wtw','WTW','wtw','Danışmanlık','','https://www.wtwco.com','',0,133,1),
('co-wingie-enuygun-group','Wingie Enuygun Group','wingie-enuygun-group','E-ticaret','','https://www.enuygun.com','',0,134,1),
('co-winnowpro','WinnowPro','winnowpro','Yapay Zekâ','','https://www.winnowpro.com','',0,135,1),
('co-wise','Wise','wise','Fintech','','https://wise.com','',0,136,1),
('co-wite','Wite','wite','Yazılım','','https://wite.com.tr','',0,137,1),
('co-yapi-kredi','Yapı Kredi','yapi-kredi','Banka','','https://www.yapikredi.com.tr','',0,138,1),
('co-yapi-kredi-teknoloji','Yapı Kredi Teknoloji','yapi-kredi-teknoloji','Yazılım','','https://www.ykteknoloji.com.tr','',0,139,1),
('co-yesil-science','Yeşil Science','yesil-science','Sağlık','','https://yesilscience.com','',0,140,1),
('co-youtube','YouTube','youtube','Medya & Eğlence','','https://www.youtube.com','',0,141,1),
('co-zenarmor','Zenarmor','zenarmor','Siber Güvenlik','','https://www.zenarmor.com','',0,142,1),
('co-ziyarem','Ziyarem','ziyarem','E-ticaret','/logos/ziyarem.png','https://ziyarem.com','',0,143,1),
('co-n11','n11','n11','E-ticaret','','https://www.n11.com','',0,144,1),
('co-icommunity','iCommunity','icommunity','Eğitim','','https://icommunity.com.tr','',0,145,1),
('co-intertech','İntertech','intertech','Yazılım','','https://www.intertech.com.tr','',0,146,1),
('co-sanstech','Şanstech','sanstech','Oyun','/logos/sanstech.png','https://www.sans-technology.com','',0,147,1);

INSERT OR REPLACE INTO speakers (id,name,slug,title,company,company_id,bio,avatar_url,socials,tags,talks,talk_count,first_talk_at,last_talk_at,featured,sort_order,is_active) VALUES
('sp-adem-ozcan','Adem Özcan','adem-ozcan','','Flutter Turkey','co-flutter-turkey','','','','','[{"event": "Developer MultiCamp Flutter Kampı", "date": "2020-11-14", "slug": null}]',1,1605344400,1605344400,0,0,1),
('sp-ahmet-faruk-kara','Ahmet Faruk Kara','ahmet-faruk-kara','','Hepsiburada','co-hepsiburada','','','','','[{"event": "MultiGroup UI/UX Gathering 2026", "date": "2026-02-07", "slug": "multigroup-ui-ux-gathering-2026"}]',1,1770454800,1770454800,0,1,1),
('sp-ahmet-kerem-gunduz','Ahmet Kerem Gunduz','ahmet-kerem-gunduz','','Insider','co-insider','','','','','[{"event": "MultiGroup UI/UX Gathering 2026", "date": "2026-02-07", "slug": "multigroup-ui-ux-gathering-2026"}]',1,1770454800,1770454800,0,2,1),
('sp-ahmet-keskin','Ahmet Keskin','ahmet-keskin','','Trendyol','co-trendyol','','','','','[{"event": "Mobile Developer Summit", "date": "2024-10-19", "slug": "mobile-developer-summit-24-1c69d85b"}]',1,1729328400,1729328400,0,3,1),
('sp-akin-demir','Akın Demir','akin-demir','','Mobillium','co-mobillium','','','','','[{"event": "DevFree Conference", "date": "2024-12-21", "slug": "devfree-conference-24817dbe"}]',1,1734771600,1734771600,0,4,1),
('sp-alara-dirik','Alara Dirik','alara-dirik','','Neuralwork','co-neuralwork','','','','','[{"event": "Data Commit", "date": "2024-11-19", "slug": "datacommit-series-d244edf8"}]',1,1732006800,1732006800,0,5,1),
('sp-ali-dursun','Ali Dursun','ali-dursun','','Ratic','co-ratic','','','','','[{"event": "Campaign+", "date": "2023-03-27", "slug": null}]',1,1679907600,1679907600,0,6,1),
('sp-ali-goktas','Ali Göktaş','ali-goktas','','adesso','co-adesso','','','','','[{"event": "Mobile Developer Summit", "date": "2024-10-19", "slug": "mobile-developer-summit-24-1c69d85b"}]',1,1729328400,1729328400,0,7,1),
('sp-ali-isikli','Ali Işıklı','ali-isikli','','Aselsan','co-aselsan','','','','','[{"event": "Multi Career Night", "date": "2020-12-10", "slug": null}]',1,1607590800,1607590800,0,8,1),
('sp-ali-nihat-uzunalioglu','Ali Nihat Uzunalioğlu','ali-nihat-uzunalioglu','','Wingie Enuygun Group','co-wingie-enuygun-group','','','','','[{"event": "ML Career Hole", "date": "2023-10-28", "slug": "ml-career-hole-2023-deced6fd"}]',1,1698483600,1698483600,0,9,1),
('sp-alican-korkmaz','Alican Korkmaz','alican-korkmaz','','adesso','co-adesso','','','','','[{"event": "Mobile Developer Summit", "date": "2024-10-19", "slug": "mobile-developer-summit-24-1c69d85b"}]',1,1729328400,1729328400,0,10,1),
('sp-alper-tekin','Alper Tekin','alper-tekin','','Setgreet','co-setgreet','','','','','[{"event": "Mobile Developers Conference", "date": "2025-05-31", "slug": "mobile-developer-conference-2025-445c54f5"}]',1,1748682000,1748682000,0,11,1),
('sp-anil-sevici','Anıl Sevici','anil-sevici','','Oredata','co-oredata','','','','','[{"event": "Developer MultiCamp Google Cloud Kampı", "date": "2020-10-07", "slug": null}]',1,1602061200,1602061200,0,12,1),
('sp-anil-taskiran','Anıl Taşkıran','anil-taskiran','','Trendyol','co-trendyol','','','','','[{"event": "Mobile Developer Zone", "date": "2023-09-30", "slug": "mobil-developer-zone-0e660272"}]',1,1696064400,1696064400,0,13,1),
('sp-anil-celik','Anıl Çelik','anil-celik','','',NULL,'','','','','[{"event": "Developer MultiCamp Siber Güvenlik Kampı", "date": "2020-07-15", "slug": null}]',1,1594803600,1594803600,0,14,1),
('sp-anil-ozturk','Anıl Öztürk','anil-ozturk','','Trendyol','co-trendyol','','','','','[{"event": "AI Conference Shaping Tomorrow", "date": "2024-09-28", "slug": "ai-conference-shaping-tomorrow-edf94d1f"}]',1,1727514000,1727514000,0,15,1),
('sp-aras-tasdemir','Aras Taşdemir','aras-tasdemir','','',NULL,'','','','','[{"event": "Developer MultiCamp", "date": "2020-07-06", "slug": null}]',1,1594026000,1594026000,0,16,1),
('sp-arda-arican','Arda Arıcan','arda-arican','','Lodos','co-lodos','','','','','[{"event": "MultiGroup UI/UX Gathering 2026", "date": "2026-02-07", "slug": "multigroup-ui-ux-gathering-2026"}]',1,1770454800,1770454800,0,17,1),
('sp-atakan-nalbant','Atakan Nalbant','atakan-nalbant','','',NULL,'','','','','[{"event": "Mobile Developer Conferans", "date": "2024-03-09", "slug": "mobile-developer-conference-24-fcd7f10c"}]',1,1709974800,1709974800,0,18,1),
('sp-atil-samancioglu','Atıl Samancıoğlu','atil-samancioglu','','Kolektif Academy','co-kolektif-academy','','','','','[{"event": "Developer MultiCamp Android Kampı", "date": "2020-09-16", "slug": null}]',1,1600246800,1600246800,0,19,1),
('sp-avni-bilal-demirtas','Avni Bilal Demirtaş','avni-bilal-demirtas','','AR Code','co-ar-code','','','','','[{"event": "Mobile Developer Summit 2026", "date": "2026-04-04", "slug": "mobile-dev-summit-2026-modesum26"}]',1,1775293200,1775293200,0,20,1),
('sp-aydin-norouzi','Aydın Norouzi','aydin-norouzi','','adesso','co-adesso','','','','','[{"event": "MultiGroup Developer Meetup 2026", "date": "2026-01-10", "slug": "multigroup-developer-meetup-2026"}]',1,1768035600,1768035600,0,21,1),
('sp-aysu-yarkin','Aysu Yarkın','aysu-yarkin','','',NULL,'','','','','[{"event": "HR Break", "date": "2024-11-07", "slug": "hr-break-series-ff36df94"}]',1,1730970000,1730970000,0,22,1),
('sp-ayse-bilge-gunduz','Ayşe Bilge Gündüz','ayse-bilge-gunduz','','',NULL,'','','','','[{"event": "Introdataction", "date": "2023-05-13", "slug": null}]',1,1683968400,1683968400,0,23,1),
('sp-ayse-gul-topkara','Ayşe Gül Topkara','ayse-gul-topkara','','Bilyoner','co-bilyoner','','','','','[{"event": "Mobile Developers Conference", "date": "2025-05-31", "slug": "mobile-developer-conference-2025-445c54f5"}]',1,1748682000,1748682000,0,24,1),
('sp-ayse-unye','Ayşe Unye','ayse-unye','','Roofstacks','co-roofstacks','','','','','[{"event": "Data Science Summit ''25", "date": "2025-09-06", "slug": "data-science-summit-2025"}]',1,1757149200,1757149200,0,25,1),
('sp-aysegul-sari','Ayşegül Sarı','aysegul-sari','','adesso','co-adesso','','','','','[{"event": "HR Break", "date": "2024-12-05", "slug": "hr-break-series-ff36df94"}]',1,1733389200,1733389200,0,26,1),
('sp-baha-ulug','Baha Uluğ','baha-ulug','','adesso','co-adesso','','','','','[{"event": "Mobile Developer Zone", "date": "2023-09-30", "slug": "mobil-developer-zone-0e660272"}]',1,1696064400,1696064400,0,27,1),
('sp-bahadir-unal','Bahadır Ünal','bahadir-unal','','Martı','co-marti','','','','','[{"event": "MultiGroup Data Science Conference 2025", "date": "2025-11-22", "slug": "data-science-conference-2025"}]',1,1763802000,1763802000,0,28,1),
('sp-bahadir-sahin','Bahadır Şahin','bahadir-sahin','','Hepsiburada','co-hepsiburada','','','','','[{"event": "Data Science Conference", "date": "2024-07-20", "slug": "data-science-conference-dasa-conf-990a05ff"}]',1,1721466000,1721466000,0,29,1),
('sp-baran-oktay-dabak','Baran Oktay Dabak','baran-oktay-dabak','','Upwork','co-upwork','','','','','[{"event": "Data Science Conference", "date": "2024-07-20", "slug": "data-science-conference-dasa-conf-990a05ff"}]',1,1721466000,1721466000,0,30,1),
('sp-bariscan-kurtkaya','Barışcan Kurtkaya','bariscan-kurtkaya','','Princeton University','co-princeton-university','','','','','[{"event": "MoreThan101", "date": "2023-04-08", "slug": "morethan101-computer-vision-problems-and-overview-of-different-approaches-594a9337"}]',1,1680944400,1680944400,0,31,1),
('sp-batuhan-kucuk','Batuhan Küçük','batuhan-kucuk','','Mikrogrup','co-mikrogrup','','','','','[{"event": "Mobile Developer Summit", "date": "2024-10-19", "slug": "mobile-developer-summit-24-1c69d85b"}]',1,1729328400,1729328400,0,32,1),
('sp-batuhan-yalcin','Batuhan Yalçın','batuhan-yalcin','','IBTECH','co-ibtech','','','','','[{"event": "AnkaDev Fest", "date": "2024-06-08", "slug": "ankadev-festival-5539bcbc"}]',1,1717837200,1717837200,0,33,1),
('sp-batuhan-coskun','Batuhan Çoşkun','batuhan-coskun','','Protel','co-protel','','','','','[{"event": "Android SKYWARD", "date": "2022-08-19", "slug": null}]',1,1660899600,1660899600,0,34,1),
('sp-basak-daglioglu','Başak Dağlıoğlu','basak-daglioglu','','KOMTAŞ','co-komtas','','','','','[{"event": "MultiTech Summit", "date": "2024-11-30", "slug": "multitech-summit-24-e439bf09"}]',1,1732957200,1732957200,0,35,1),
('sp-bedirhan-kara','Bedirhan Kara','bedirhan-kara','','Mikrogrup','co-mikrogrup','','','','','[{"event": "Mobile Developer Summit", "date": "2024-10-19", "slug": "mobile-developer-summit-24-1c69d85b"}]',1,1729328400,1729328400,0,36,1),
('sp-begum-bozoglu','Begüm Bozoğlu','begum-bozoglu','','adesso','co-adesso','','','','','[{"event": "MultiGroup Data Science Conference 2025", "date": "2025-11-22", "slug": "data-science-conference-2025"}]',1,1763802000,1763802000,0,37,1),
('sp-berat-goktug-ozdemir','Berat Göktuğ Özdemir','berat-goktug-ozdemir','','',NULL,'','','','','[{"event": "Developer MultiCamp Flutter Kampı", "date": "2020-11-18", "slug": null}]',1,1605690000,1605690000,0,38,1),
('sp-berk-albayrak','Berk Albayrak','berk-albayrak','','',NULL,'','','','','[{"event": "Developer MultiCamp Siber Güvenlik Kampı", "date": "2020-07-18", "slug": null}]',1,1595062800,1595062800,0,39,1),
('sp-berkant-topuz','Berkant Topuz','berkant-topuz','','',NULL,'','','','','[{"event": "Mobile Developer Summit", "date": "2024-10-19", "slug": "mobile-developer-summit-24-1c69d85b"}]',1,1729328400,1729328400,0,40,1),
('sp-beyza-ince','Beyza İnce','beyza-ince','','Trendyol','co-trendyol','','','','','[{"event": "Mobile Developer Conferans", "date": "2024-03-09", "slug": "mobile-developer-conference-24-fcd7f10c"}]',1,1709974800,1709974800,0,41,1),
('sp-bilal-durnagol','Bilal Durnagöl','bilal-durnagol','','Garanti BBVA','co-garanti-bbva','','','','','[{"event": "Mobile Developer Summit", "date": "2024-10-19", "slug": "mobile-developer-summit-24-1c69d85b"}]',1,1729328400,1729328400,0,42,1),
('sp-bilal-ozcan','Bilal Özcan','bilal-ozcan','','Artüssü Teknoloji','co-artussu-teknoloji','','','','','[{"event": "MultiGroup Mobile Meet Up", "date": "2024-05-25", "slug": "multigroup-mobile-meet-up-22d4fc78"}]',1,1716627600,1716627600,0,43,1),
('sp-bilge-yucel','Bilge Yücel','bilge-yucel','','deepset','co-deepset','','','','','[{"event": "Data Commit", "date": "2024-11-12", "slug": "datacommit-series-d244edf8"}]',1,1731402000,1731402000,0,44,1),
('sp-burak-arslan','Burak Arslan','burak-arslan','','Roofstacks','co-roofstacks','','','','','[{"event": "Sohbet Muhabbet", "date": "2024-03-21", "slug": "sohbet-muhabbet-destek-sayfasi-e81a8f0f"}]',1,1711011600,1711011600,0,45,1),
('sp-burak-avci','Burak Avcı','burak-avci','','Türk Siber Birliği','co-turk-siber-birligi','','','','','[{"event": "AnkaDev Fest", "date": "2024-06-08", "slug": "ankadev-festival-5539bcbc"}]',1,1717837200,1717837200,0,46,1),
('sp-burak-karakus','Burak Karakus','burak-karakus','','Hepsiburada','co-hepsiburada','','','','','[{"event": "Web Developer Conference ''25", "date": "2025-09-27", "slug": "web-developer-conference-2025"}]',1,1758963600,1758963600,0,47,1),
('sp-burak-yucel','Burak Yücel','burak-yucel','','Mikrogrup','co-mikrogrup','','','','','[{"event": "MultiGroup Data Science Conference 2025", "date": "2025-11-22", "slug": "data-science-conference-2025"}]',1,1763802000,1763802000,0,48,1),
('sp-burcu-kagan-bahadir','Burcu Kağan Bahadır','burcu-kagan-bahadir','','Google','co-google','','','','','[{"event": "Developer MultiCamp Google Cloud Kampı", "date": "2020-09-30", "slug": null}]',1,1601456400,1601456400,0,49,1),
('sp-burkan-yilmaz','Burkan Yılmaz','burkan-yilmaz','','Garanti BBVA','co-garanti-bbva','','','','','[{"event": "Sohbet Muhabbet", "date": "2024-02-27", "slug": "sohbet-muhabbet-destek-sayfasi-e81a8f0f"}]',1,1709024400,1709024400,0,50,1),
('sp-buse-selvi','Buse Selvi','buse-selvi','','Trendyol','co-trendyol','','','','','[{"event": "MultiGroup UI/UX Gathering 2026", "date": "2026-02-07", "slug": "multigroup-ui-ux-gathering-2026"}]',1,1770454800,1770454800,0,51,1),
('sp-busra-ince-cayir','Büşra İnce Çayır','busra-ince-cayir','','Pusula Kurumsal İş Çözümleri','co-pusula-kurumsal-is-cozumleri','','','','','[{"event": "HR Break", "date": "2024-12-12", "slug": "hr-break-series-ff36df94"}]',1,1733994000,1733994000,0,52,1),
('sp-caner-ture','Caner Türe','caner-ture','','Teknasyon','co-teknasyon','','','','','[{"event": "Mobile Developer Zone", "date": "2023-09-30", "slug": "mobil-developer-zone-0e660272"}]',1,1696064400,1696064400,0,53,1),
('sp-cemre-akman','Cemre Akman','cemre-akman','','Codeway','co-codeway','','','','','[{"event": "Mobile Developer Summit", "date": "2024-10-19", "slug": "mobile-developer-summit-24-1c69d85b"}]',1,1729328400,1729328400,0,54,1),
('sp-ceren-altok','Ceren Altok','ceren-altok','','Beymen','co-beymen','','','','','[{"event": "Data Science Conference", "date": "2024-07-20", "slug": "data-science-conference-dasa-conf-990a05ff"}]',1,1721466000,1721466000,0,55,1),
('sp-ceren-tunay','Ceren Tunay','ceren-tunay','','',NULL,'','','','','[{"event": "Google I/O Extended Web Edition", "date": "2022-06-12", "slug": "google-io-extended-web-edition-4c56483c"}]',1,1655024400,1655024400,0,56,1),
('sp-cihan-karabas','Cihan Karabas','cihan-karabas','','Kafein Technology','co-kafein-technology','','','','','[{"event": "Mobile Developer Summit", "date": "2024-10-19", "slug": "mobile-developer-summit-24-1c69d85b"}]',1,1729328400,1729328400,0,57,1),
('sp-cihan-ozhan','Cihan Özhan','cihan-ozhan','','Safebox / AISecLab','co-safebox-aiseclab','','','','','[{"event": "ML Career Hole", "date": "2023-10-28", "slug": "ml-career-hole-2023-deced6fd"}]',1,1698483600,1698483600,0,58,1),
('sp-damla-cim','Damla Çim','damla-cim','','Garanti BBVA','co-garanti-bbva','','','','','[{"event": "Mobile Dev Summit 2025", "date": "2025-12-13", "slug": "mobile-developer-summit-2025"}]',1,1765616400,1765616400,0,59,1),
('sp-daron-yondem','Daron Yöndem','daron-yondem','','Microsoft','co-microsoft','','','','','[{"event": "Generative AI Fundamentals with Gemini", "date": "2025-03-15", "slug": "generativeai-fundamentals-with-gemini-64a8a503"}]',1,1742029200,1742029200,0,60,1),
('sp-deniz-alkan','Deniz Alkan','deniz-alkan','','Beko','co-beko','','','','','[{"event": "Data Science Summit ''25", "date": "2025-09-06", "slug": "data-science-summit-2025"}]',1,1757149200,1757149200,0,61,1),
('sp-dilber-ates','Dilber Ateş','dilber-ates','','Mobiliz','co-mobiliz','','','','','[{"event": "AnkaDev Fest", "date": "2024-06-08", "slug": "ankadev-festival-5539bcbc"}]',1,1717837200,1717837200,0,62,1),
('sp-dorukhan-afacan','Dorukhan Afacan','dorukhan-afacan','','Midas','co-midas','','','','','[{"event": "AI Conference Shaping Tomorrow", "date": "2024-09-28", "slug": "ai-conference-shaping-tomorrow-edf94d1f"}]',1,1727514000,1727514000,0,63,1),
('sp-dogukaan-kilicarslan','Doğukaan Kılıçarslan','dogukaan-kilicarslan','','Migros One','co-migros-one','','','','','[{"event": "Mobile Developers Conference", "date": "2025-05-31", "slug": "mobile-developer-conference-2025-445c54f5"}]',1,1748682000,1748682000,0,64,1),
('sp-ece-bahtiyar','Ece Bahtiyar','ece-bahtiyar','','Appleads','co-appleads','','','','','[{"event": "Mobile Developers Conference", "date": "2025-05-31", "slug": "mobile-developer-conference-2025-445c54f5"}]',1,1748682000,1748682000,0,65,1),
('sp-eda-ozge-ozel','Eda Özge Özel','eda-ozge-ozel','','Trendyol','co-trendyol','','','','','[{"event": "MultiGroup Mobile Meet Up", "date": "2024-05-25", "slug": "multigroup-mobile-meet-up-22d4fc78"}]',1,1716627600,1716627600,0,66,1),
('sp-elif-bilgin','Elif Bilgin','elif-bilgin','','Google','co-google','','','','','[{"event": "Sohbet Muhabbet", "date": "2024-02-13", "slug": "sohbet-muhabbet-destek-sayfasi-e81a8f0f"}]',1,1707814800,1707814800,0,67,1),
('sp-emine-gurcu','Emine Gürcü','emine-gurcu','','',NULL,'','','','','[{"event": "MultiGroup UI/UX Gathering 2026", "date": "2026-02-07", "slug": "multigroup-ui-ux-gathering-2026"}]',1,1770454800,1770454800,0,68,1),
('sp-emirhan-emmez','Emirhan Emmez','emirhan-emmez','','D360 Bank','co-d360-bank','','','','','[{"event": "Mobile Developers Conference", "date": "2025-05-31", "slug": "mobile-developer-conference-2025-445c54f5"}]',1,1748682000,1748682000,0,69,1),
('sp-emrah-bicki','Emrah Bıçkı','emrah-bicki','','NGC','co-ngc','','','','','[{"event": "Developer MultiCamp Google Cloud Kampı", "date": "2020-10-21", "slug": null}]',1,1603270800,1603270800,0,70,1),
('sp-emrah-mete','Emrah Mete','emrah-mete','','Microsoft','co-microsoft','','','','','[{"event": "Generative AI Fundamentals with Gemini", "date": "2025-03-28", "slug": "generativeai-fundamentals-with-gemini-64a8a503"}]',1,1743152400,1743152400,0,71,1),
('sp-emre-bayraktar','Emre Bayraktar','emre-bayraktar','','Mobven','co-mobven','','','','','[{"event": "DevFree Conference", "date": "2024-12-21", "slug": "devfree-conference-24817dbe"}]',1,1734771600,1734771600,0,72,1),
('sp-emre-demir','Emre Demir','emre-demir','','',NULL,'','','','','[{"event": "Developer MultiCamp Siber Güvenlik Kampı", "date": "2020-07-08", "slug": null}]',1,1594198800,1594198800,0,73,1),
('sp-emre-ergun','Emre Ergün','emre-ergun','','Trendyol','co-trendyol','','','','','[{"event": "MultiGroup Mobile Meet Up", "date": "2024-05-25", "slug": "multigroup-mobile-meet-up-22d4fc78"}]',1,1716627600,1716627600,0,74,1),
('sp-emre-hizli','Emre Hızlı','emre-hizli','','GDC','co-gdc','','','','','[{"event": "Google I/O Extended Web Edition", "date": "2022-06-12", "slug": "google-io-extended-web-edition-4c56483c"}]',1,1655024400,1655024400,0,75,1),
('sp-emre-kalkanli','Emre Kalkanlı','emre-kalkanli','','Oredata','co-oredata','','','','','[{"event": "Developer MultiCamp Google Cloud Kampı", "date": "2020-10-07", "slug": null}]',1,1602061200,1602061200,0,76,1),
('sp-emre-savci','Emre Savcı','emre-savci','','Trendyol','co-trendyol','','','','','[{"event": "WebFree", "date": "2022-11-12", "slug": "webfree-22-bbf9fc9f"}]',1,1668243600,1668243600,0,77,1),
('sp-emre-ozcan','Emre Özcan','emre-ozcan','','Innova','co-innova','','','','','[{"event": "Android Blast Off", "date": "2025-05-14", "slug": "android-blast-off-jetpack-compose-bootcamp-18857d79"}]',1,1747213200,1747213200,0,78,1),
('sp-emre-ozyavuz','Emre Özyavuz','emre-ozyavuz','','',NULL,'','','','','[{"event": "Developer MultiCamp", "date": "2020-07-06", "slug": null}]',1,1594026000,1594026000,0,79,1),
('sp-enes-evkuran','Enes Evkuran','enes-evkuran','','Techcareer','co-techcareer','','','','','[{"event": "Mobile Developer Conferans", "date": "2024-03-09", "slug": "mobile-developer-conference-24-fcd7f10c"}]',1,1709974800,1709974800,0,80,1),
('sp-enes-fehmi-manan','Enes Fehmi Manan','enes-fehmi-manan','','Fibabanka','co-fibabanka','','','','','[{"event": "Generative AI Fundamentals with Gemini", "date": "2025-03-21", "slug": "generativeai-fundamentals-with-gemini-64a8a503"}]',1,1742547600,1742547600,0,81,1),
('sp-enes-sadi-uysal','Enes Sadi Uysal','enes-sadi-uysal','','Huawei','co-huawei','','','','','[{"event": "MoreThan101", "date": "2022-12-24", "slug": "morethan101-computer-vision-problems-and-overview-of-different-approaches-594a9337"}]',1,1671872400,1671872400,0,82,1),
('sp-enes-zor','Enes Zor','enes-zor','','Trendyol','co-trendyol','','','','','[{"event": "Mobile Developers Conference", "date": "2025-05-31", "slug": "mobile-developer-conference-2025-445c54f5"}]',1,1748682000,1748682000,0,83,1),
('sp-engin-deniz-alpman','Engin Deniz Alpman','engin-deniz-alpman','','RuneLab','co-runelab','','','','','[{"event": "Zero2End ML Bootcamp", "date": "2025-12-04", "slug": "zero2end-ml-bootcamp-course"}]',1,1764838800,1764838800,0,84,1),
('sp-eren-akbaba','Eren Akbaba','eren-akbaba','','Amazon Web Services','co-amazon-web-services','','','','','[{"event": "Data Commit", "date": "2024-12-10", "slug": "datacommit-series-d244edf8"}]',1,1733821200,1733821200,0,85,1),
('sp-erhan-meydan','Erhan Meydan','erhan-meydan','','',NULL,'','','','','[{"event": "Generative AI Fundamentals with Gemini", "date": "2025-04-19", "slug": "generativeai-fundamentals-with-gemini-64a8a503"}]',1,1745053200,1745053200,0,86,1),
('sp-erol-kaftanoglu','Erol Kaftanoğlu','erol-kaftanoglu','','Blind ID','co-blind-id','','','','','[{"event": "Developer MultiCamp", "date": "2020-07-23", "slug": null}]',1,1595494800,1595494800,0,87,1),
('sp-ersoy-balkis','Ersoy Balkış','ersoy-balkis','','',NULL,'','','','','[{"event": "FALL DMG", "date": "2023-11-26", "slug": "fall-dmg-game-developer-conference-03c59e91"}]',1,1700989200,1700989200,0,88,1),
('sp-eser-ozvataf','Eser Özvataf','eser-ozvataf','','Datapad','co-datapad','','','','','[{"event": "WebFree", "date": "2022-11-12", "slug": "webfree-22-bbf9fc9f"}]',1,1668243600,1668243600,0,89,1),
('sp-esra-kadah','Esra Kadah','esra-kadah','','Monday Hero','co-monday-hero','','','','','[{"event": "Developer MultiCamp", "date": "2020-07-23", "slug": null}]',1,1595494800,1595494800,0,90,1),
('sp-evren-ozkip','Evren Özkip','evren-ozkip','','Tirendaz Academy','co-tirendaz-academy','','','','','[{"event": "Build with AI", "date": "2026-05-11", "slug": "build-with-ai-certification-program-2026"}]',1,1778490000,1778490000,0,91,1),
('sp-ezgi-turali','Ezgi Turalı','ezgi-turali','','Beymen','co-beymen','','','','','[{"event": "Data Science Conference", "date": "2024-07-20", "slug": "data-science-conference-dasa-conf-990a05ff"}]',1,1721466000,1721466000,0,92,1),
('sp-faruk-erdogan-buldur','Faruk Erdoğan Buldur','faruk-erdogan-buldur','','Harmony Data Solutions','co-harmony-data-solutions','','','','','[{"event": "Data Science Conference", "date": "2024-07-20", "slug": "data-science-conference-dasa-conf-990a05ff"}]',1,1721466000,1721466000,0,93,1),
('sp-fatih-durmaz','Fatih Durmaz','fatih-durmaz','','Mobiliz','co-mobiliz','','','','','[{"event": "Modern iOS Programming Course", "date": "2025-08-29", "slug": "ios-developer-oluyorum-online-icerik-serisi-892cd7a2"}]',1,1756458000,1756458000,0,94,1),
('sp-fatih-guzel','Fatih Güzel','fatih-guzel','','',NULL,'','','','','[{"event": "Data Science Summit ''25", "date": "2025-09-06", "slug": "data-science-summit-2025"}]',1,1757149200,1757149200,0,95,1),
('sp-fatih-kadir-akin','Fatih Kadir Akın','fatih-kadir-akin','','Teknasyon','co-teknasyon','','','','','[{"event": "Google I/O Extended Web Edition", "date": "2022-06-12", "slug": "google-io-extended-web-edition-4c56483c"}]',1,1655024400,1655024400,0,96,1),
('sp-fatma-safak','Fatma Şafak','fatma-safak','','Odeabank','co-odeabank','','','','','[{"event": "MultiGroup Data Science Conference 2025", "date": "2025-11-22", "slug": "data-science-conference-2025"}]',1,1763802000,1763802000,0,97,1),
('sp-ferhat-isyapan','Ferhat İşyapan','ferhat-isyapan','','Verinin Mutfağı','co-verinin-mutfagi','','','','','[{"event": "AI Conference Shaping Tomorrow", "date": "2024-09-28", "slug": "ai-conference-shaping-tomorrow-edf94d1f"}]',1,1727514000,1727514000,0,98,1),
('sp-feyza-demirel','Feyza Demirel','feyza-demirel','','Amazon Web Services','co-amazon-web-services','','','','','[{"event": "Web Developer Conference ''25", "date": "2025-09-27", "slug": "web-developer-conference-2025"}]',1,1758963600,1758963600,0,99,1),
('sp-furkan-aydemir','Furkan Aydemir','furkan-aydemir','','Lodos','co-lodos','','','','','[{"event": "Mobile Developers Conference", "date": "2025-05-31", "slug": "mobile-developer-conference-2025-445c54f5"}]',1,1748682000,1748682000,0,100,1),
('sp-gizem-arpay','Gizem Arpay','gizem-arpay','','HubX','co-hubx','','','','','[{"event": "Build with AI", "date": "2026-04-09", "slug": "build-with-ai-certification-program-2026"}]',1,1775725200,1775725200,0,101,1),
('sp-gizem-aytekin','Gizem Aytekin','gizem-aytekin','','Pubinho','co-pubinho','','','','','[{"event": "HR Break", "date": "2024-11-28", "slug": "hr-break-series-ff36df94"}]',1,1732784400,1732784400,0,102,1),
('sp-gizem-gur','Gizem Gür','gizem-gur','','Sufle','co-sufle','','','','','[{"event": "MultiGroup Data Science Conference 2025", "date": "2025-11-22", "slug": "data-science-conference-2025"}]',1,1763802000,1763802000,0,103,1),
('sp-gizem-malcok','Gizem Malçok','gizem-malcok','','letgo','co-letgo','','','','','[{"event": "Mobile Developer Conferans", "date": "2024-03-09", "slug": "mobile-developer-conference-24-fcd7f10c"}]',1,1709974800,1709974800,0,104,1),
('sp-gizem-yalcin','Gizem Yalçın','gizem-yalcin','','Akbank','co-akbank','','','','','[{"event": "ML Career Hole", "date": "2022-08-28", "slug": "ml-career-hole-2023-deced6fd"}]',1,1661677200,1661677200,0,105,1),
('sp-goker-guner','Göker Güner','goker-guner','','Viza','co-viza','','','','','[{"event": "Data Science Conference", "date": "2024-07-20", "slug": "data-science-conference-dasa-conf-990a05ff"}]',1,1721466000,1721466000,0,106,1),
('sp-gulben-unal-yaras','Gülben Ünal Yaraş','gulben-unal-yaras','','Gelir İdaresi Başkanlığı','co-gelir-idaresi-baskanligi','','','','','[{"event": "Mobile Developers Conference", "date": "2025-05-31", "slug": "mobile-developer-conference-2025-445c54f5"}]',1,1748682000,1748682000,0,107,1),
('sp-guldeniz-bektas','Güldeniz Bektaş','guldeniz-bektas','','Denebunu','co-denebunu','','','','','[{"event": "IamRemarkable", "date": "2022-12-08", "slug": "iamremarkable-workshop-series-1-5404007a"}]',1,1670490000,1670490000,0,108,1),
('sp-guner-hacioglu','Güner Hacıoğlu','guner-hacioglu','','KOMTAŞ','co-komtas','','','','','[{"event": "Developer MultiCamp Google Cloud Kampı", "date": "2020-10-03", "slug": null}]',1,1601715600,1601715600,0,109,1),
('sp-hakan-atesli','Hakan Ateşli','hakan-atesli','','Hepsiburada','co-hepsiburada','','','','','[{"event": "Data Science Conference", "date": "2024-07-20", "slug": "data-science-conference-dasa-conf-990a05ff"}]',1,1721466000,1721466000,0,110,1),
('sp-halil-furkan-turk','Halil Furkan Türk','halil-furkan-turk','','TOM Bank','co-tom-bank','','','','','[{"event": "MultiGroup Data Science Conference 2025", "date": "2025-11-22", "slug": "data-science-conference-2025"}]',1,1763802000,1763802000,0,111,1),
('sp-halil-yildirim','Halil Yıldırım','halil-yildirim','','',NULL,'','','','','[{"event": "Data Science Summit ''25", "date": "2025-09-06", "slug": "data-science-summit-2025"}]',1,1757149200,1757149200,0,112,1),
('sp-halil-ozcan','Halil Özcan','halil-ozcan','','VNGRS','co-vngrs','','','','','[{"event": "Mobile Developer Conferans", "date": "2024-03-09", "slug": "mobile-developer-conference-24-fcd7f10c"}]',1,1709974800,1709974800,0,113,1),
('sp-halil-ibrahim-cakiroglu','Halil İbrahim Çakıroğlu','halil-ibrahim-cakiroglu','','Plainify','co-plainify','','','','','[{"event": "MultiGroup UI/UX Gathering 2026", "date": "2026-02-07", "slug": "multigroup-ui-ux-gathering-2026"}]',1,1770454800,1770454800,0,114,1),
('sp-hamza-gorgulu','Hamza Görgülü','hamza-gorgulu','','HUB Energy','co-hub-energy','','','','','[{"event": "Data Science Summit ''25", "date": "2025-09-06", "slug": "data-science-summit-2025"}]',1,1757149200,1757149200,0,115,1),
('sp-hasan-fehmi-barun','Hasan Fehmi Barun','hasan-fehmi-barun','','Acarlar','co-acarlar','','','','','[{"event": "Practical Power BI forr Data Analysis Certification Course", "date": "2026-04-21", "slug": "practical-power-bi-for-data-analysis-certification-course"}]',1,1776762000,1776762000,0,116,1),
('sp-havva-cevikyigit','Havva Çevikyiğit','havva-cevikyigit','','Hepsiburada','co-hepsiburada','','','','','[{"event": "MultiGroup Tech Summit", "date": "2026-05-09", "slug": "multigroup-tech-summit-2026"}]',1,1778317200,1778317200,0,117,1),
('sp-hayati-enes-basat','Hayati Enes Basat','hayati-enes-basat','','Turkcell','co-turkcell','','','','','[{"event": "Build with AI", "date": "2026-05-07", "slug": "build-with-ai-certification-program-2026"}]',1,1778144400,1778144400,0,118,1),
('sp-hilal-meydan','Hilal Meydan','hilal-meydan','','Bilge Adam','co-bilge-adam','','','','','[{"event": "MultiGroup Data Science Conference 2025", "date": "2025-11-22", "slug": "data-science-conference-2025"}]',1,1763802000,1763802000,0,119,1),
('sp-huseyin-can-cirak','Hüseyin Can Çırak','huseyin-can-cirak','','Amerikan Hastanesi','co-amerikan-hastanesi','','','','','[{"event": "Practical Power BI forr Data Analysis Certification Course", "date": "2026-05-01", "slug": "practical-power-bi-for-data-analysis-certification-course"}]',1,1777626000,1777626000,0,120,1),
('sp-ilgin-sel-balta','Ilgın Sel Balta','ilgin-sel-balta','','Zenarmor','co-zenarmor','','','','','[{"event": "Mobile Developer Summit 2026", "date": "2026-04-04", "slug": "mobile-dev-summit-2026-modesum26"}]',1,1775293200,1775293200,0,121,1),
('sp-kaan-arda-coskuntuna','Kaan Arda Çoşkuntuna','kaan-arda-coskuntuna','','',NULL,'','','','','[{"event": "MultiGroup UI/UX Gathering 2026", "date": "2026-02-07", "slug": "multigroup-ui-ux-gathering-2026"}]',1,1770454800,1770454800,0,122,1),
('sp-kaan-bicakci','Kaan Bıçakcı','kaan-bicakci','','WTW','co-wtw','','','','','[{"event": "Data Commit", "date": "2024-11-05", "slug": "datacommit-series-d244edf8"}]',1,1730797200,1730797200,0,123,1),
('sp-kaan-enes-kapici','Kaan Enes Kapıcı','kaan-enes-kapici','','Türk Telekom','co-turk-telekom','','','','','[{"event": "Mobile Developers Conference", "date": "2025-05-31", "slug": "mobile-developer-conference-2025-445c54f5"}]',1,1748682000,1748682000,0,124,1),
('sp-kadir-aktas','Kadir Aktaş','kadir-aktas','','',NULL,'','','','','[{"event": "Modern iOS Programming Course", "date": "2025-09-08", "slug": "ios-developer-oluyorum-online-icerik-serisi-892cd7a2"}]',1,1757322000,1757322000,0,125,1),
('sp-kadriye-macit','Kadriye Macit','kadriye-macit','','Alleo','co-alleo','','','','','[{"event": "Mobile Developer Zone", "date": "2023-09-30", "slug": "mobil-developer-zone-0e660272"}]',1,1696064400,1696064400,0,126,1),
('sp-kardel-ruveyda-cetin','Kardel Rüveyda Çetin','kardel-ruveyda-cetin','','Doğuş Teknoloji','co-dogus-teknoloji','','','','','[{"event": "Data Science Conference", "date": "2024-07-20", "slug": "data-science-conference-dasa-conf-990a05ff"}]',1,1721466000,1721466000,0,127,1),
('sp-kasim-adalan','Kasım Adalan','kasim-adalan','','',NULL,'','','','','[{"event": "Android SKYWARD", "date": "2022-08-19", "slug": null}]',1,1660899600,1660899600,0,128,1),
('sp-koray-kocabas','Koray Kocabaş','koray-kocabas','','Demirören Teknoloji','co-demiroren-teknoloji','','','','','[{"event": "ML Career Hole", "date": "2022-08-28", "slug": "ml-career-hole-2023-deced6fd"}]',1,1661677200,1661677200,0,129,1),
('sp-kubra-bilgic','Kübra Bilğiç','kubra-bilgic','','Huawei','co-huawei','','','','','[{"event": "MultiGroup Tech Summit", "date": "2026-05-09", "slug": "multigroup-tech-summit-2026"}]',1,1778317200,1778317200,0,130,1),
('sp-kubra-kurt','Kübra Kurt','kubra-kurt','','Enocta','co-enocta','','','','','[{"event": "Data Science Summit ''25", "date": "2025-09-06", "slug": "data-science-summit-2025"}]',1,1757149200,1757149200,0,131,1),
('sp-latif-atci','Latif Atci','latif-atci','','Trendyol','co-trendyol','','','','','[{"event": "Mobile Dev Summit 2025", "date": "2025-12-13", "slug": "mobile-developer-summit-2025"}]',1,1765616400,1765616400,0,132,1),
('sp-levent-arman-ozak','Levent Arman Özak','levent-arman-ozak','','SAP','co-sap','','','','','[{"event": "Google I/O Extended Web Edition", "date": "2022-06-12", "slug": "google-io-extended-web-edition-4c56483c"}]',1,1655024400,1655024400,0,133,1),
('sp-levent-kantaroglu','Levent Kantaroğlu','levent-kantaroglu','','Turkish Technology','co-turkish-technology','','','','','[{"event": "Mobile Developer Summit", "date": "2024-10-19", "slug": "mobile-developer-summit-24-1c69d85b"}]',1,1729328400,1729328400,0,134,1),
('sp-mehmet-ali-bayram','Mehmet Ali Bayram','mehmet-ali-bayram','','Blue Sky','co-blue-sky','','','','','[{"event": "Mobile Developer Conferans", "date": "2024-03-09", "slug": "mobile-developer-conference-24-fcd7f10c"}]',1,1709974800,1709974800,0,135,1),
('sp-mehmet-arsay','Mehmet Arsay','mehmet-arsay','','Martı','co-marti','','','','','[{"event": "MultiGroup Mobile Meet Up", "date": "2024-05-25", "slug": "multigroup-mobile-meet-up-22d4fc78"}]',1,1716627600,1716627600,0,136,1),
('sp-mehmet-ates','Mehmet Ateş','mehmet-ates','','Trendyol','co-trendyol','','','','','[{"event": "MultiGroup Mobile Meet Up", "date": "2024-05-25", "slug": "multigroup-mobile-meet-up-22d4fc78"}]',1,1716627600,1716627600,0,137,1),
('sp-mehmet-niyazi-atlioglu','Mehmet Niyazi Atlıoğlu','mehmet-niyazi-atlioglu','','Softtech','co-softtech','','','','','[{"event": "Mobile Developer Summit", "date": "2024-10-19", "slug": "mobile-developer-summit-24-1c69d85b"}]',1,1729328400,1729328400,0,138,1),
('sp-mehmet-nuri-yaman','Mehmet Nuri Yaman','mehmet-nuri-yaman','','Lodos','co-lodos','','','','','[{"event": "Mobile Developers Conference", "date": "2025-05-31", "slug": "mobile-developer-conference-2025-445c54f5"}]',1,1748682000,1748682000,0,139,1),
('sp-mehmet-ince','Mehmet İnce','mehmet-ince','','',NULL,'','','','','[{"event": "Developer MultiCamp", "date": "2020-07-09", "slug": null}]',1,1594285200,1594285200,0,140,1),
('sp-mehmetcan-yilmaz','Mehmetcan Yılmaz','mehmetcan-yilmaz','','Commencis','co-commencis','','','','','[{"event": "AnkaDev Fest", "date": "2024-06-08", "slug": "ankadev-festival-5539bcbc"}]',1,1717837200,1717837200,0,141,1),
('sp-melike-ozburna','Melike Özburna','melike-ozburna','','Teknasyon','co-teknasyon','','','','','[{"event": "Mobile Developers Conference", "date": "2025-05-31", "slug": "mobile-developer-conference-2025-445c54f5"}]',1,1748682000,1748682000,0,142,1),
('sp-melis-dincol','Melis Dinçol','melis-dincol','','Microsoft','co-microsoft','','','','','[{"event": "Web Developer Conference ''25", "date": "2025-09-27", "slug": "web-developer-conference-2025"}]',1,1758963600,1758963600,0,143,1),
('sp-melisa-corali','Melisa Çoralı','melisa-corali','','',NULL,'','','','','[{"event": "Mobile Developer Zone", "date": "2023-09-30", "slug": "mobil-developer-zone-0e660272"}]',1,1696064400,1696064400,0,144,1),
('sp-melissa-corali','Melissa Çoralı','melissa-corali','','Akbank','co-akbank','','','','','[{"event": "Mobile Dev Summit 2025", "date": "2025-12-13", "slug": "mobile-developer-summit-2025"}]',1,1765616400,1765616400,0,145,1),
('sp-mercan-karabey-eke','Mercan Karabey Eke','mercan-karabey-eke','','TOM Bank','co-tom-bank','','','','','[{"event": "Web Developer Summit ''25", "date": "2025-06-14", "slug": "web-developer-summit-25-d7d891d6"}]',1,1749891600,1749891600,0,146,1),
('sp-mert-gunes','Mert Güneş','mert-gunes','','Hepsiburada','co-hepsiburada','','','','','[{"event": "Data Science Conference", "date": "2024-07-20", "slug": "data-science-conference-dasa-conf-990a05ff"}]',1,1721466000,1721466000,0,147,1),
('sp-mert-metin','Mert Metin','mert-metin','','Sompo Teknoloji','co-sompo-teknoloji','','','','','[{"event": "MultiTech Summit", "date": "2024-11-30", "slug": "multitech-summit-24-e439bf09"}]',1,1732957200,1732957200,0,148,1),
('sp-mert-toptas','Mert Toptaş','mert-toptas','','Lodos','co-lodos','','','','','[{"event": "MultiGroup Mobile Meet Up", "date": "2024-05-25", "slug": "multigroup-mobile-meet-up-22d4fc78"}]',1,1716627600,1716627600,0,149,1),
('sp-mert-cobanoglu','Mert Çobanoğlu','mert-cobanoglu','','Refik Anadol Studio','co-refik-anadol-studio','','','','','[{"event": "Multi Career Night", "date": "2020-12-24", "slug": null}]',1,1608800400,1608800400,0,150,1),
('sp-merve-tuncer','Merve Tuncer','merve-tuncer','','n11','co-n11','','','','','[{"event": "Mobile Developer Conferans", "date": "2024-03-09", "slug": "mobile-developer-conference-24-fcd7f10c"}]',1,1709974800,1709974800,0,151,1),
('sp-meryem-sahin','Meryem Şahin','meryem-sahin','','adesso','co-adesso','','','','','[{"event": "Mobile Developer Summit", "date": "2024-10-19", "slug": "mobile-developer-summit-24-1c69d85b"}]',1,1729328400,1729328400,0,152,1),
('sp-mete-atamel','Mete Atamel','mete-atamel','','Google','co-google','','','','','[{"event": "Developer MultiCamp Google Cloud Kampı", "date": "2020-10-14", "slug": null}]',1,1602666000,1602666000,0,153,1),
('sp-metehan-aydemir','Metehan Aydemir','metehan-aydemir','','Kafein Technology','co-kafein-technology','','','','','[{"event": "ML Career Hole", "date": "2023-10-28", "slug": "ml-career-hole-2023-deced6fd"}]',1,1698483600,1698483600,0,154,1),
('sp-muhammed-salih-guler','Muhammed Salih Güler','muhammed-salih-guler','','Google','co-google','','','','','[{"event": "Developer MultiCamp Flutter Kampı", "date": "2020-11-06", "slug": null}]',1,1604653200,1604653200,0,155,1),
('sp-muhammet-ali-dede','Muhammet Ali Dede','muhammet-ali-dede','','Akbank','co-akbank','','','','','[{"event": "MoreThan101", "date": "2023-06-17", "slug": "morethan101-computer-vision-problems-and-overview-of-different-approaches-594a9337"}]',1,1686992400,1686992400,0,156,1),
('sp-muhammet-nusret-ozates','Muhammet Nusret Özateş','muhammet-nusret-ozates','','Trendyol','co-trendyol','','','','','[{"event": "MoreThan101", "date": "2023-03-18", "slug": "morethan101-computer-vision-problems-and-overview-of-different-approaches-594a9337"}]',1,1679130000,1679130000,0,157,1),
('sp-muhammet-omer','Muhammet Ömer','muhammet-omer','','',NULL,'','','','','[{"event": "Developer MultiCamp Flutter Kampı", "date": "2020-11-28", "slug": null}]',1,1606554000,1606554000,0,158,1),
('sp-muharrem-erdogdu','Muharrem Erdoğdu','muharrem-erdogdu','','Google','co-google','','','','','[{"event": "Developer MultiCamp Google Cloud Kampı", "date": "2020-09-26", "slug": null}]',1,1601110800,1601110800,0,159,1),
('sp-murat-kahraman','Murat Kahraman','murat-kahraman','','Game Factory','co-game-factory','','','','','[{"event": "Campaign+", "date": "2023-04-18", "slug": null}]',1,1681808400,1681808400,0,160,1),
('sp-murat-menzilci','Murat Menzilci','murat-menzilci','','Adapty','co-adapty','','','','','[{"event": "Sohbet Muhabbet", "date": "2024-04-03", "slug": "sohbet-muhabbet-destek-sayfasi-e81a8f0f"}]',1,1712134800,1712134800,0,161,1),
('sp-murat-yener','Murat Yener','murat-yener','','Instacart','co-instacart','','','','','[{"event": "Developer MultiCamp Android Kampı", "date": "2020-09-05", "slug": null}]',1,1599296400,1599296400,0,162,1),
('sp-murat-yucedag','Murat Yücedağ','murat-yucedag','','Udemy','co-udemy','','','','','[{"event": "Web Developer Conference ''25", "date": "2025-09-27", "slug": "web-developer-conference-2025"}]',1,1758963600,1758963600,0,163,1),
('sp-murat-sahin','Murat Şahin','murat-sahin','','Vinter','co-vinter','','','','','[{"event": "Data Commit", "date": "2025-01-07", "slug": "datacommit-series-d244edf8"}]',1,1736240400,1736240400,0,164,1),
('sp-murathan-aksoz','Murathan Aksöz','murathan-aksoz','','',NULL,'','','','','[{"event": "FALL DMG", "date": "2023-11-26", "slug": "fall-dmg-game-developer-conference-03c59e91"}]',1,1700989200,1700989200,0,165,1),
('sp-mustafa-ali-dikcinar','Mustafa Ali Dikçinar','mustafa-ali-dikcinar','','Mikrogrup','co-mikrogrup','','','','','[{"event": "Mobile Developer Summit", "date": "2024-10-19", "slug": "mobile-developer-summit-24-1c69d85b"}]',1,1729328400,1729328400,0,166,1),
('sp-mustafa-gunes','Mustafa Güneş','mustafa-gunes','','Teknasyon','co-teknasyon','','','','','[{"event": "Mobile Developers Conference", "date": "2025-05-31", "slug": "mobile-developer-conference-2025-445c54f5"}]',1,1748682000,1748682000,0,167,1),
('sp-mustafa-turkoz','Mustafa Türköz','mustafa-turkoz','','Akbank','co-akbank','','','','','[{"event": "Data Science Conference", "date": "2024-07-20", "slug": "data-science-conference-dasa-conf-990a05ff"}]',1,1721466000,1721466000,0,168,1),
('sp-mutlu-ozkurt','Mutlu Özkurt','mutlu-ozkurt','','LC Waikiki','co-lc-waikiki','','','','','[{"event": "Web Developer Conference ''25", "date": "2025-09-27", "slug": "web-developer-conference-2025"}]',1,1758963600,1758963600,0,169,1),
('sp-muge-kilic','Müge Kılıç','muge-kilic','','Papara','co-papara','','','','','[{"event": "HR Break", "date": "2024-11-14", "slug": "hr-break-series-ff36df94"}]',1,1731574800,1731574800,0,170,1),
('sp-necati-evren-yasar','Necati Evren Yaşar','necati-evren-yasar','','Softtech','co-softtech','','','','','[{"event": "Mobile Developer Summit", "date": "2024-10-19", "slug": "mobile-developer-summit-24-1c69d85b"}]',1,1729328400,1729328400,0,171,1),
('sp-necati-sozer','Necati Sözer','necati-sozer','','Lyrebird Studio','co-lyrebird-studio','','','','','[{"event": "Developer MultiCamp Android Kampı", "date": "2020-08-22", "slug": null}]',1,1598086800,1598086800,0,172,1),
('sp-nevzat-topcu','Nevzat Topçu','nevzat-topcu','','WinnowPro','co-winnowpro','','','','','[{"event": "Angular Day", "date": "2022-09-24", "slug": "angular-day-71cf4af5"}]',1,1664010000,1664010000,0,173,1),
('sp-nilufer-erdogan','Nilüfer Erdoğan','nilufer-erdogan','','Sahibinden','co-sahibinden','','','','','[{"event": "Mobile Developers Conference", "date": "2025-05-31", "slug": "mobile-developer-conference-2025-445c54f5"}]',1,1748682000,1748682000,0,174,1),
('sp-nisanur-ilhan','Nisanur İlhan','nisanur-ilhan','','Turkish Aerospace','co-turkish-aerospace','','','','','[{"event": "ML Career Hole", "date": "2023-10-28", "slug": "ml-career-hole-2023-deced6fd"}]',1,1698483600,1698483600,0,175,1),
('sp-olgun-aydin','Olgun Aydın','olgun-aydin','','Nike','co-nike','','','','','[{"event": "Data Commit", "date": "2024-12-03", "slug": "datacommit-series-d244edf8"}]',1,1733216400,1733216400,0,176,1),
('sp-onur-tastan','Onur Taştan','onur-tastan','','NGC','co-ngc','','','','','[{"event": "Developer MultiCamp Google Cloud Kampı", "date": "2020-10-21", "slug": null}]',1,1603270800,1603270800,0,177,1),
('sp-onur-ozkan','Onur Özkan','onur-ozkan','','DeFacto','co-defacto','','','','','[{"event": "Build with AI", "date": "2026-05-03", "slug": "build-with-ai-certification-program-2026"}]',1,1777798800,1777798800,0,178,1),
('sp-orhan-aykut-kardes','Orhan Aykut Kardeş','orhan-aykut-kardes','','Garanti BBVA','co-garanti-bbva','','','','','[{"event": "Mobile Developer Summit", "date": "2024-10-19", "slug": "mobile-developer-summit-24-1c69d85b"}]',1,1729328400,1729328400,0,179,1),
('sp-osman-yilmaz','Osman Yılmaz','osman-yilmaz','','Mikrogrup','co-mikrogrup','','','','','[{"event": "Mobile Developer Summit", "date": "2024-10-19", "slug": "mobile-developer-summit-24-1c69d85b"}]',1,1729328400,1729328400,0,180,1),
('sp-osman-celik','Osman Çelik','osman-celik','','Appcircle','co-appcircle','','','','','[{"event": "Mobile Developer Summit", "date": "2024-10-19", "slug": "mobile-developer-summit-24-1c69d85b"}]',1,1729328400,1729328400,0,181,1),
('sp-oguz-gurler','Oğuz Gürler','oguz-gurler','','Commencis','co-commencis','','','','','[{"event": "Mobile Developers Conference", "date": "2025-05-31", "slug": "mobile-developer-conference-2025-445c54f5"}]',1,1748682000,1748682000,0,182,1),
('sp-oguzhan-aslan','Oğuzhan Aslan','oguzhan-aslan','','PttAVM','co-pttavm','','','','','[{"event": "Web Developer Summit ''25", "date": "2025-06-14", "slug": "web-developer-summit-25-d7d891d6"}]',1,1749891600,1749891600,0,183,1),
('sp-oguzhan-oz','Oğuzhan Oz','oguzhan-oz','','LC Waikiki','co-lc-waikiki','','','','','[{"event": "Practical Power BI forr Data Analysis Certification Course", "date": "2026-04-07", "slug": "practical-power-bi-for-data-analysis-certification-course"}]',1,1775552400,1775552400,0,184,1),
('sp-pinar-ugurlu-kirazci','Pınar Uğurlu Kirazcı','pinar-ugurlu-kirazci','','Google','co-google','','','','','[{"event": "Developer MultiCamp Google Cloud Kampı", "date": "2020-09-26", "slug": null}]',1,1601110800,1601110800,0,185,1),
('sp-samet-ozturk','Samet Öztürk','samet-ozturk','','TAZI AI','co-tazi-ai','','','','','[{"event": "ML Career Hole", "date": "2022-08-28", "slug": "ml-career-hole-2023-deced6fd"}]',1,1661677200,1661677200,0,186,1),
('sp-sarp-ogul-cali','Sarp Oğul Çalı','sarp-ogul-cali','','Prodigi Solutions','co-prodigi-solutions','','','','','[{"event": "Practical Power BI forr Data Analysis Certification Course", "date": "2026-04-28", "slug": "practical-power-bi-for-data-analysis-certification-course"}]',1,1777366800,1777366800,0,187,1),
('sp-selen-dumanogullari','Selen Dumanoğulları','selen-dumanogullari','','beIN Media Group','co-bein-media-group','','','','','[{"event": "Web Developer Conference ''25", "date": "2025-09-27", "slug": "web-developer-conference-2025"}]',1,1758963600,1758963600,0,188,1),
('sp-selen-kosar','Selen Koşar','selen-kosar','','',NULL,'','','','','[{"event": "Web Developer Conference ''25", "date": "2025-09-27", "slug": "web-developer-conference-2025"}]',1,1758963600,1758963600,0,189,1),
('sp-selin-cildam','Selin Çıldam','selin-cildam','','Pazarama','co-pazarama','','','','','[{"event": "ML Career Hole", "date": "2023-10-28", "slug": "ml-career-hole-2023-deced6fd"}]',1,1698483600,1698483600,0,190,1),
('sp-selman-sezgin','Selman Sezgin','selman-sezgin','','Hepsiburada','co-hepsiburada','','','','','[{"event": "Data Science Conference", "date": "2024-07-20", "slug": "data-science-conference-dasa-conf-990a05ff"}]',1,1721466000,1721466000,0,191,1),
('sp-sencer-oztufekci','Sencer Öztüfekçi','sencer-oztufekci','','The Big Things','co-the-big-things','','','','','[{"event": "Web Developer Conference ''25", "date": "2025-09-27", "slug": "web-developer-conference-2025"}]',1,1758963600,1758963600,0,192,1),
('sp-seyfeddin-bassarac','Seyfeddin Başsaraç','seyfeddin-bassarac','','Teknasyon','co-teknasyon','','','','','[{"event": "MultiGroup Mobile Meet Up", "date": "2024-05-25", "slug": "multigroup-mobile-meet-up-22d4fc78"}]',1,1716627600,1716627600,0,193,1),
('sp-sezer-iltekin','Sezer İltekin','sezer-iltekin','','Şanstech','co-sanstech','','','','','[{"event": "Mobile Developer Summit", "date": "2024-10-19", "slug": "mobile-developer-summit-24-1c69d85b"}]',1,1729328400,1729328400,0,194,1),
('sp-sezgin-ciftci','Sezgin Çiftçi','sezgin-ciftci','','ForInvest','co-forinvest','','','','','[{"event": "Mobile Developer Zone", "date": "2023-09-30", "slug": "mobil-developer-zone-0e660272"}]',1,1696064400,1696064400,0,195,1),
('sp-simge-akkilic','Simge Akkılıç','simge-akkilic','','Exclusive Networks','co-exclusive-networks','','','','','[{"event": "Mobile Developers Conference", "date": "2025-05-31", "slug": "mobile-developer-conference-2025-445c54f5"}]',1,1748682000,1748682000,0,196,1),
('sp-taner-sekmen','Taner Sekmen','taner-sekmen','','Garanti BBVA','co-garanti-bbva','','','','','[{"event": "Data Commit", "date": "2024-12-17", "slug": "datacommit-series-d244edf8"}]',1,1734426000,1734426000,0,197,1),
('sp-tarik-karakas','Tarık Karakaş','tarik-karakas','','Trendyol','co-trendyol','','','','','[{"event": "ML Career Hole", "date": "2023-10-28", "slug": "ml-career-hole-2023-deced6fd"}]',1,1698483600,1698483600,0,198,1),
('sp-tekin-aggul','Tekin Ağgül','tekin-aggul','','Vodafone','co-vodafone','','','','','[{"event": "Web Developer Conference ''25", "date": "2025-09-27", "slug": "web-developer-conference-2025"}]',1,1758963600,1758963600,0,199,1),
('sp-tolga-kurtulus','Tolga Kurtuluş','tolga-kurtulus','','Turkish Airlines','co-turkish-airlines','','','','','[{"event": "Generative AI Fundamentals with Gemini", "date": "2025-03-22", "slug": "generativeai-fundamentals-with-gemini-64a8a503"}]',1,1742634000,1742634000,0,200,1),
('sp-tuna-cakar','Tuna Çakar','tuna-cakar','','',NULL,'','','','','[{"event": "ML Career Hole", "date": "2022-08-28", "slug": "ml-career-hole-2023-deced6fd"}]',1,1661677200,1661677200,0,201,1),
('sp-turgay-esen','Turgay Esen','turgay-esen','','ABDİBİO','co-abdibio','','','','','[{"event": "Practical Power BI forr Data Analysis Certification Course", "date": "2026-04-10", "slug": "practical-power-bi-for-data-analysis-certification-course"}]',1,1775811600,1775811600,0,202,1),
('sp-turhal-temizer','Turhal Temizer','turhal-temizer','','Akbank','co-akbank','','','','','[{"event": "ML Career Hole", "date": "2022-08-28", "slug": "ml-career-hole-2023-deced6fd"}]',1,1661677200,1661677200,0,203,1),
('sp-ulas-baskirisci','Ulaş Başkirişçi','ulas-baskirisci','','Agrovisio','co-agrovisio','','','','','[{"event": "MultiGroup Mobile Meet Up", "date": "2024-05-25", "slug": "multigroup-mobile-meet-up-22d4fc78"}]',1,1716627600,1716627600,0,204,1),
('sp-ulascan-kilic','Ulaşcan Kılıç','ulascan-kilic','','Siemens','co-siemens','','','','','[{"event": "ML Career Hole", "date": "2023-10-28", "slug": "ml-career-hole-2023-deced6fd"}]',1,1698483600,1698483600,0,205,1),
('sp-urem-sancaktutan','Urem Sancaktutan','urem-sancaktutan','','Logo Yazılım','co-logo-yazilim','','','','','[{"event": "Web Developer Conference ''25", "date": "2025-09-27", "slug": "web-developer-conference-2025"}]',1,1758963600,1758963600,0,206,1),
('sp-utku-yavuz','Utku Yavuz','utku-yavuz','','inzva','co-inzva','','','','','[{"event": "ML Career Hole", "date": "2022-08-28", "slug": "ml-career-hole-2023-deced6fd"}]',1,1661677200,1661677200,0,207,1),
('sp-uygun-bodur','Uygun Bodur','uygun-bodur','','DOP','co-dop','','','','','[{"event": "Google I/O Extended Web Edition", "date": "2022-06-12", "slug": "google-io-extended-web-edition-4c56483c"}]',1,1655024400,1655024400,0,208,1),
('sp-ugur-umutluoglu','Uğur Umutluoğlu','ugur-umutluoglu','','TalentOps','co-talentops','','','','','[{"event": "HR Break", "date": "2024-10-31", "slug": "hr-break-series-ff36df94"}]',1,1730365200,1730365200,0,209,1),
('sp-ugur-ipekduzen','Uğur İpekdüzen','ugur-ipekduzen','','Biorotec Bionic','co-biorotec-bionic','','','','','[{"event": "Data Science Conference", "date": "2024-07-20", "slug": "data-science-conference-dasa-conf-990a05ff"}]',1,1721466000,1721466000,0,210,1),
('sp-ugur-sensoy','Uğur Şensoy','ugur-sensoy','','Loadium','co-loadium','','','','','[{"event": "DevFree Conference", "date": "2024-12-21", "slug": "devfree-conference-24817dbe"}]',1,1734771600,1734771600,0,211,1),
('sp-vedat-karaagac','Vedat Karaağaç','vedat-karaagac','','Softtech','co-softtech','','','','','[{"event": "MultiGroup Data Science Conference 2025", "date": "2025-11-22", "slug": "data-science-conference-2025"}]',1,1763802000,1763802000,0,212,1),
('sp-vehbi-emiroglu','Vehbi Emiroğlu','vehbi-emiroglu','','SambaPOS','co-sambapos','','','','','[{"event": "Web Developer Summit ''25", "date": "2025-06-14", "slug": "web-developer-summit-25-d7d891d6"}]',1,1749891600,1749891600,0,213,1),
('sp-veli-bahceci','Veli Bahçeci','veli-bahceci','','ROIVA','co-roiva','','','','','[{"event": "HR Break", "date": "2025-01-09", "slug": "hr-break-series-ff36df94"}]',1,1736413200,1736413200,0,214,1),
('sp-volkan-ak','Volkan Ak','volkan-ak','','Mercedes-Benz','co-mercedes-benz','','','','','[{"event": "ML Career Hole", "date": "2023-10-28", "slug": "ml-career-hole-2023-deced6fd"}]',1,1698483600,1698483600,0,215,1),
('sp-yavuz-bal','Yavuz Bal','yavuz-bal','','',NULL,'','','','','[{"event": "Developer MultiCamp Siber Güvenlik Kampı", "date": "2020-07-11", "slug": null}]',1,1594458000,1594458000,0,216,1),
('sp-yavuz-komecoglu','Yavuz Kömeçoğlu','yavuz-komecoglu','','',NULL,'','','','','[{"event": "MoreThan101", "date": "2023-03-04", "slug": "morethan101-computer-vision-problems-and-overview-of-different-approaches-594a9337"}]',1,1677920400,1677920400,0,217,1),
('sp-yagmur-unsal','Yağmur Ünsal','yagmur-unsal','','Trendyol','co-trendyol','','','','','[{"event": "Mobile Dev Summit 2025", "date": "2025-12-13", "slug": "mobile-developer-summit-2025"}]',1,1765616400,1765616400,0,218,1),
('sp-yagiz-gurdamar','Yağız Gürdamar','yagiz-gurdamar','','KOMTAŞ','co-komtas','','','','','[{"event": "MultiTech Summit", "date": "2024-11-30", "slug": "multitech-summit-24-e439bf09"}]',1,1732957200,1732957200,0,219,1),
('sp-yigit-alp-ciray','Yiğit Alp Çıray','yigit-alp-ciray','','Google','co-google','','','','','[{"event": "Modern iOS Programming Course", "date": "2025-10-10", "slug": "ios-developer-oluyorum-online-icerik-serisi-892cd7a2"}]',1,1760086800,1760086800,0,220,1),
('sp-yunus-karatas','Yunus Karataş','yunus-karatas','','Oredata','co-oredata','','','','','[{"event": "Developer MultiCamp Google Cloud Kampı", "date": "2020-10-07", "slug": null}]',1,1602061200,1602061200,0,221,1),
('sp-yusuf-demirci','Yusuf Demirci','yusuf-demirci','','iCommunity','co-icommunity','','','','','[{"event": "Mobile Developer Zone", "date": "2023-09-30", "slug": "mobil-developer-zone-0e660272"}]',1,1696064400,1696064400,0,222,1),
('sp-yusuf-nadaroglu','Yusuf Nadaroğlu','yusuf-nadaroglu','','Pingpong University','co-pingpong-university','','','','','[{"event": "MultiGroup Mobile Meet Up", "date": "2024-05-25", "slug": "multigroup-mobile-meet-up-22d4fc78"}]',1,1716627600,1716627600,0,223,1),
('sp-yusuf-yesil','Yusuf Yeşil','yusuf-yesil','','Yeşil Science','co-yesil-science','','','','','[{"event": "Multi Career Night", "date": "2021-01-06", "slug": null}]',1,1609923600,1609923600,0,224,1),
('sp-yuksel-tolun','Yüksel Tolun','yuksel-tolun','','Google','co-google','','','','','[{"event": "Developer MultiCamp", "date": "2020-07-23", "slug": null}]',1,1595494800,1595494800,0,225,1),
('sp-zafer-atli','Zafer Atlı','zafer-atli','','Aktif Tech','co-aktif-tech','','','','','[{"event": "Mobile Developer Summit", "date": "2024-10-19", "slug": "mobile-developer-summit-24-1c69d85b"}]',1,1729328400,1729328400,0,226,1),
('sp-zafer-ayan','Zafer Ayan','zafer-ayan','','Yapı Kredi Teknoloji','co-yapi-kredi-teknoloji','','','','','[{"event": "Google I/O Extended Web Edition", "date": "2022-06-12", "slug": "google-io-extended-web-edition-4c56483c"}]',1,1655024400,1655024400,0,227,1),
('sp-zeynep-alkoc','Zeynep Alkoç','zeynep-alkoc','','HD Hyundai','co-hd-hyundai','','','','','[{"event": "Foundations Frontend Web Development Certification Course", "date": "2026-03-11", "slug": "foundations-frontend-web-development-certification-course"}]',1,1773219600,1773219600,0,228,1),
('sp-zeynep-duyenli','Zeynep Düyenli','zeynep-duyenli','','',NULL,'','','','','[{"event": "Mobile Developer Zone", "date": "2023-09-30", "slug": "mobil-developer-zone-0e660272"}]',1,1696064400,1696064400,0,229,1),
('sp-ziya-arslan','Ziya Arslan','ziya-arslan','','Vigo','co-vigo','','','','','[{"event": "Sohbet Muhabbet", "date": "2024-04-25", "slug": "sohbet-muhabbet-destek-sayfasi-e81a8f0f"}]',1,1714035600,1714035600,0,230,1),
('sp-cagdas-yilmaz','Çağdaş Yılmaz','cagdas-yilmaz','','',NULL,'','','','','[{"event": "MultiGroup UI/UX Gathering 2026", "date": "2026-02-07", "slug": "multigroup-ui-ux-gathering-2026"}]',1,1770454800,1770454800,0,231,1),
('sp-caglar-avcil','Çağlar Avcıl','caglar-avcil','','YouTube','co-youtube','','','','','[{"event": "Campaign+", "date": "2023-05-03", "slug": null}]',1,1683104400,1683104400,0,232,1),
('sp-caglayan-yanikoglu','Çağlayan Yanıkoğlu','caglayan-yanikoglu','','Jotform','co-jotform','','','','','[{"event": "AnkaDev Fest", "date": "2024-06-08", "slug": "ankadev-festival-5539bcbc"}]',1,1717837200,1717837200,0,233,1),
('sp-cagri-colakoglu','Çağrı Çolakoğlu','cagri-colakoglu','','Ziyarem','co-ziyarem','','','','','[{"event": "Web Developer Conference ''25", "date": "2025-09-27", "slug": "web-developer-conference-2025"}]',1,1758963600,1758963600,0,234,1),
('sp-cigdem-kadakoglu','Çiğdem Kadakoğlu','cigdem-kadakoglu','','EPAM Systems','co-epam-systems','','','','','[{"event": "Web Developer Summit ''25", "date": "2025-06-14", "slug": "web-developer-summit-25-d7d891d6"}]',1,1749891600,1749891600,0,235,1),
('sp-omer-karaca','Ömer Karaca','omer-karaca','','Wite','co-wite','','','','','[{"event": "DevFree Conference", "date": "2024-12-21", "slug": "devfree-conference-24817dbe"}]',1,1734771600,1734771600,0,236,1),
('sp-omer-ulusal','Ömer Ulusal','omer-ulusal','','Wise','co-wise','','','','','[{"event": "Sohbet Muhabbet", "date": "2024-02-20", "slug": "sohbet-muhabbet-destek-sayfasi-e81a8f0f"}]',1,1708419600,1708419600,0,237,1),
('sp-ozge-usta','Özge Usta','ozge-usta','','Martı','co-marti','','','','','[{"event": "Mobile Developers Conference", "date": "2025-05-31", "slug": "mobile-developer-conference-2025-445c54f5"}]',1,1748682000,1748682000,0,238,1),
('sp-ozgur-kara','Özgür Kara','ozgur-kara','','Georgia Institute of Technology','co-georgia-institute-of-technology','','','','','[{"event": "MoreThan101", "date": "2023-04-16", "slug": "morethan101-computer-vision-problems-and-overview-of-different-approaches-594a9337"}]',1,1681635600,1681635600,0,239,1),
('sp-umit-samimi','Ümit Samimi','umit-samimi','','Finartz','co-finartz','','','','','[{"event": "Web Developer Conference ''25", "date": "2025-09-27", "slug": "web-developer-conference-2025"}]',1,1758963600,1758963600,0,240,1),
('sp-ikranur-bulut','İkranur Bulut','ikranur-bulut','','FLO Teknoloji','co-flo-teknoloji','','','','','[{"event": "Mobile Developer Summit", "date": "2024-10-19", "slug": "mobile-developer-summit-24-1c69d85b"}]',1,1729328400,1729328400,0,241,1),
('sp-irem-aral','İrem Aral','irem-aral','','SST Technology','co-sst-technology','','','','','[{"event": "HR Break", "date": "2024-12-19", "slug": "hr-break-series-ff36df94"}]',1,1734598800,1734598800,0,242,1),
('sp-irem-elif-aydogdu','İrem Elif Aydoğdu','irem-elif-aydogdu','','İntertech','co-intertech','','','','','[{"event": "MultiGroup Data Science Conference 2025", "date": "2025-11-22", "slug": "data-science-conference-2025"}]',1,1763802000,1763802000,0,243,1),
('sp-ismail-gungor','İsmail Güngör','ismail-gungor','','adesso','co-adesso','','','','','[{"event": "MultiGroup Developer Meetup 2026", "date": "2026-01-10", "slug": "multigroup-developer-meetup-2026"}]',1,1768035600,1768035600,0,244,1),
('sp-ismail-ozcelik','İsmail Özçelik','ismail-ozcelik','','',NULL,'','','','','[{"event": "Web Developer Conference ''25", "date": "2025-09-27", "slug": "web-developer-conference-2025"}]',1,1758963600,1758963600,0,245,1),
('sp-ismail-simsek','İsmail Şimşek','ismail-simsek','','Grafana Labs','co-grafana-labs','','','','','[{"event": "Foundations Frontend Web Development Certification Course", "date": "2026-03-25", "slug": "foundations-frontend-web-development-certification-course"}]',1,1774429200,1774429200,0,246,1),
('sp-ismet-bigay','İsmet Bigay','ismet-bigay','','Global IT','co-global-it','','','','','[{"event": "Developer MultiCamp Google Cloud Kampı", "date": "2020-10-03", "slug": null}]',1,1601715600,1601715600,0,247,1),
('sp-izel-yazici-ozcan','İzel Yazıcı Özcan','izel-yazici-ozcan','','Otokoç Otomotiv','co-otokoc-otomotiv','','','','','[{"event": "MoreThan101", "date": "2023-01-21", "slug": "morethan101-computer-vision-problems-and-overview-of-different-approaches-594a9337"}]',1,1674291600,1674291600,0,248,1),
('sp-seyma-sarigil','Şeyma Sarıgil','seyma-sarigil','','Softtech','co-softtech','','','','','[{"event": "Generative AI Fundamentals with Gemini", "date": "2025-04-21", "slug": "generativeai-fundamentals-with-gemini-64a8a503"}]',1,1745226000,1745226000,0,249,1),
('sp-sukru-imre','Şükrü İmre','sukru-imre','','Yapı Kredi','co-yapi-kredi','','','','','[{"event": "MultiGroup Data Science Conference 2025", "date": "2025-11-22", "slug": "data-science-conference-2025"}]',1,1763802000,1763802000,0,250,1);

INSERT OR REPLACE INTO event_speakers (event_id,speaker_id,role,sort_order) VALUES
('ev-google-io-extended-web-edition-4c56483c','sp-ceren-tunay','Konuşmacı',0),
('ev-google-io-extended-web-edition-4c56483c','sp-fatih-kadir-akin','Konuşmacı',0),
('ev-google-io-extended-web-edition-4c56483c','sp-uygun-bodur','Konuşmacı',0),
('ev-google-io-extended-web-edition-4c56483c','sp-emre-hizli','Konuşmacı',0),
('ev-google-io-extended-web-edition-4c56483c','sp-zafer-ayan','Konuşmacı',0),
('ev-google-io-extended-web-edition-4c56483c','sp-levent-arman-ozak','Konuşmacı',0),
('ev-ml-career-hole-2023-deced6fd','sp-koray-kocabas','Konuşmacı',0),
('ev-ml-career-hole-2023-deced6fd','sp-utku-yavuz','Konuşmacı',0),
('ev-ml-career-hole-2023-deced6fd','sp-tuna-cakar','Konuşmacı',0),
('ev-ml-career-hole-2023-deced6fd','sp-gizem-yalcin','Konuşmacı',0),
('ev-ml-career-hole-2023-deced6fd','sp-turhal-temizer','Konuşmacı',0),
('ev-ml-career-hole-2023-deced6fd','sp-samet-ozturk','Konuşmacı',0),
('ev-angular-day-71cf4af5','sp-nevzat-topcu','Konuşmacı',0),
('ev-webfree-22-bbf9fc9f','sp-emre-savci','Konuşmacı',0),
('ev-webfree-22-bbf9fc9f','sp-eser-ozvataf','Konuşmacı',0),
('ev-iamremarkable-workshop-series-1-5404007a','sp-guldeniz-bektas','Konuşmacı',0),
('ev-morethan101-computer-vision-problems-and-overview-of-different-approaches-594a9337','sp-enes-sadi-uysal','Konuşmacı',0),
('ev-morethan101-computer-vision-problems-and-overview-of-different-approaches-594a9337','sp-izel-yazici-ozcan','Konuşmacı',0),
('ev-morethan101-computer-vision-problems-and-overview-of-different-approaches-594a9337','sp-yavuz-komecoglu','Konuşmacı',0),
('ev-morethan101-computer-vision-problems-and-overview-of-different-approaches-594a9337','sp-muhammet-nusret-ozates','Konuşmacı',0),
('ev-morethan101-computer-vision-problems-and-overview-of-different-approaches-594a9337','sp-bariscan-kurtkaya','Konuşmacı',0),
('ev-morethan101-computer-vision-problems-and-overview-of-different-approaches-594a9337','sp-ozgur-kara','Konuşmacı',0),
('ev-morethan101-computer-vision-problems-and-overview-of-different-approaches-594a9337','sp-muhammet-ali-dede','Konuşmacı',0),
('ev-mobil-developer-zone-0e660272','sp-kadriye-macit','Konuşmacı',0),
('ev-mobil-developer-zone-0e660272','sp-caner-ture','Konuşmacı',0),
('ev-mobil-developer-zone-0e660272','sp-yusuf-demirci','Konuşmacı',0),
('ev-mobil-developer-zone-0e660272','sp-anil-taskiran','Konuşmacı',0),
('ev-mobil-developer-zone-0e660272','sp-baha-ulug','Konuşmacı',0),
('ev-mobil-developer-zone-0e660272','sp-zeynep-duyenli','Konuşmacı',0),
('ev-mobil-developer-zone-0e660272','sp-melisa-corali','Konuşmacı',0),
('ev-mobil-developer-zone-0e660272','sp-sezgin-ciftci','Konuşmacı',0),
('ev-ml-career-hole-2023-deced6fd','sp-volkan-ak','Konuşmacı',0),
('ev-ml-career-hole-2023-deced6fd','sp-tarik-karakas','Konuşmacı',0),
('ev-ml-career-hole-2023-deced6fd','sp-ali-nihat-uzunalioglu','Konuşmacı',0),
('ev-ml-career-hole-2023-deced6fd','sp-nisanur-ilhan','Konuşmacı',0),
('ev-ml-career-hole-2023-deced6fd','sp-metehan-aydemir','Konuşmacı',0),
('ev-ml-career-hole-2023-deced6fd','sp-ulascan-kilic','Konuşmacı',0),
('ev-ml-career-hole-2023-deced6fd','sp-selin-cildam','Konuşmacı',0),
('ev-ml-career-hole-2023-deced6fd','sp-cihan-ozhan','Konuşmacı',0),
('ev-fall-dmg-game-developer-conference-03c59e91','sp-murathan-aksoz','Konuşmacı',0),
('ev-fall-dmg-game-developer-conference-03c59e91','sp-ersoy-balkis','Konuşmacı',0),
('ev-sohbet-muhabbet-destek-sayfasi-e81a8f0f','sp-elif-bilgin','Konuşmacı',0),
('ev-sohbet-muhabbet-destek-sayfasi-e81a8f0f','sp-omer-ulusal','Konuşmacı',0),
('ev-sohbet-muhabbet-destek-sayfasi-e81a8f0f','sp-burkan-yilmaz','Konuşmacı',0),
('ev-mobile-developer-conference-24-fcd7f10c','sp-gizem-malcok','Konuşmacı',0),
('ev-mobile-developer-conference-24-fcd7f10c','sp-merve-tuncer','Konuşmacı',0),
('ev-mobile-developer-conference-24-fcd7f10c','sp-mehmet-ali-bayram','Konuşmacı',0),
('ev-mobile-developer-conference-24-fcd7f10c','sp-enes-evkuran','Konuşmacı',0),
('ev-mobile-developer-conference-24-fcd7f10c','sp-halil-ozcan','Konuşmacı',0),
('ev-mobile-developer-conference-24-fcd7f10c','sp-beyza-ince','Konuşmacı',0),
('ev-mobile-developer-conference-24-fcd7f10c','sp-atakan-nalbant','Konuşmacı',0),
('ev-sohbet-muhabbet-destek-sayfasi-e81a8f0f','sp-burak-arslan','Konuşmacı',0),
('ev-sohbet-muhabbet-destek-sayfasi-e81a8f0f','sp-murat-menzilci','Konuşmacı',0),
('ev-sohbet-muhabbet-destek-sayfasi-e81a8f0f','sp-ziya-arslan','Konuşmacı',0),
('ev-multigroup-mobile-meet-up-22d4fc78','sp-seyfeddin-bassarac','Konuşmacı',0),
('ev-multigroup-mobile-meet-up-22d4fc78','sp-mehmet-ates','Konuşmacı',0),
('ev-multigroup-mobile-meet-up-22d4fc78','sp-mert-toptas','Konuşmacı',0),
('ev-multigroup-mobile-meet-up-22d4fc78','sp-eda-ozge-ozel','Konuşmacı',0),
('ev-multigroup-mobile-meet-up-22d4fc78','sp-ulas-baskirisci','Konuşmacı',0),
('ev-multigroup-mobile-meet-up-22d4fc78','sp-mehmet-arsay','Konuşmacı',0),
('ev-multigroup-mobile-meet-up-22d4fc78','sp-bilal-ozcan','Konuşmacı',0),
('ev-multigroup-mobile-meet-up-22d4fc78','sp-emre-ergun','Konuşmacı',0),
('ev-multigroup-mobile-meet-up-22d4fc78','sp-yusuf-nadaroglu','Konuşmacı',0),
('ev-ankadev-festival-5539bcbc','sp-mehmetcan-yilmaz','Konuşmacı',0),
('ev-ankadev-festival-5539bcbc','sp-caglayan-yanikoglu','Konuşmacı',0),
('ev-ankadev-festival-5539bcbc','sp-burak-avci','Konuşmacı',0),
('ev-ankadev-festival-5539bcbc','sp-batuhan-yalcin','Konuşmacı',0),
('ev-ankadev-festival-5539bcbc','sp-dilber-ates','Konuşmacı',0),
('ev-data-science-conference-dasa-conf-990a05ff','sp-kardel-ruveyda-cetin','Konuşmacı',0),
('ev-data-science-conference-dasa-conf-990a05ff','sp-ceren-altok','Konuşmacı',0),
('ev-data-science-conference-dasa-conf-990a05ff','sp-selman-sezgin','Konuşmacı',0),
('ev-data-science-conference-dasa-conf-990a05ff','sp-goker-guner','Konuşmacı',0),
('ev-data-science-conference-dasa-conf-990a05ff','sp-ezgi-turali','Konuşmacı',0),
('ev-data-science-conference-dasa-conf-990a05ff','sp-bahadir-sahin','Konuşmacı',0),
('ev-data-science-conference-dasa-conf-990a05ff','sp-hakan-atesli','Konuşmacı',0),
('ev-data-science-conference-dasa-conf-990a05ff','sp-mert-gunes','Konuşmacı',0),
('ev-data-science-conference-dasa-conf-990a05ff','sp-ugur-ipekduzen','Konuşmacı',0),
('ev-data-science-conference-dasa-conf-990a05ff','sp-baran-oktay-dabak','Konuşmacı',0),
('ev-data-science-conference-dasa-conf-990a05ff','sp-faruk-erdogan-buldur','Konuşmacı',0),
('ev-data-science-conference-dasa-conf-990a05ff','sp-mustafa-turkoz','Konuşmacı',0),
('ev-ai-conference-shaping-tomorrow-edf94d1f','sp-dorukhan-afacan','Konuşmacı',0),
('ev-ai-conference-shaping-tomorrow-edf94d1f','sp-ferhat-isyapan','Konuşmacı',0),
('ev-ai-conference-shaping-tomorrow-edf94d1f','sp-anil-ozturk','Konuşmacı',0),
('ev-mobile-developer-summit-24-1c69d85b','sp-necati-evren-yasar','Konuşmacı',0),
('ev-mobile-developer-summit-24-1c69d85b','sp-bilal-durnagol','Konuşmacı',0),
('ev-mobile-developer-summit-24-1c69d85b','sp-orhan-aykut-kardes','Konuşmacı',0),
('ev-mobile-developer-summit-24-1c69d85b','sp-osman-celik','Konuşmacı',0),
('ev-mobile-developer-summit-24-1c69d85b','sp-alican-korkmaz','Konuşmacı',0),
('ev-mobile-developer-summit-24-1c69d85b','sp-ali-goktas','Konuşmacı',0),
('ev-mobile-developer-summit-24-1c69d85b','sp-meryem-sahin','Konuşmacı',0),
('ev-mobile-developer-summit-24-1c69d85b','sp-levent-kantaroglu','Konuşmacı',0),
('ev-mobile-developer-summit-24-1c69d85b','sp-cihan-karabas','Konuşmacı',0),
('ev-mobile-developer-summit-24-1c69d85b','sp-sezer-iltekin','Konuşmacı',0),
('ev-mobile-developer-summit-24-1c69d85b','sp-bedirhan-kara','Konuşmacı',0),
('ev-mobile-developer-summit-24-1c69d85b','sp-osman-yilmaz','Konuşmacı',0),
('ev-mobile-developer-summit-24-1c69d85b','sp-mustafa-ali-dikcinar','Konuşmacı',0),
('ev-mobile-developer-summit-24-1c69d85b','sp-zafer-atli','Konuşmacı',0),
('ev-mobile-developer-summit-24-1c69d85b','sp-batuhan-kucuk','Konuşmacı',0),
('ev-mobile-developer-summit-24-1c69d85b','sp-ahmet-keskin','Konuşmacı',0),
('ev-mobile-developer-summit-24-1c69d85b','sp-cemre-akman','Konuşmacı',0),
('ev-mobile-developer-summit-24-1c69d85b','sp-berkant-topuz','Konuşmacı',0),
('ev-mobile-developer-summit-24-1c69d85b','sp-ikranur-bulut','Konuşmacı',0),
('ev-mobile-developer-summit-24-1c69d85b','sp-mehmet-niyazi-atlioglu','Konuşmacı',0),
('ev-hr-break-series-ff36df94','sp-ugur-umutluoglu','Konuşmacı',0),
('ev-datacommit-series-d244edf8','sp-kaan-bicakci','Konuşmacı',0),
('ev-hr-break-series-ff36df94','sp-aysu-yarkin','Konuşmacı',0),
('ev-datacommit-series-d244edf8','sp-bilge-yucel','Konuşmacı',0),
('ev-hr-break-series-ff36df94','sp-muge-kilic','Konuşmacı',0),
('ev-datacommit-series-d244edf8','sp-alara-dirik','Konuşmacı',0),
('ev-hr-break-series-ff36df94','sp-gizem-aytekin','Konuşmacı',0),
('ev-multitech-summit-24-e439bf09','sp-yagiz-gurdamar','Konuşmacı',0),
('ev-multitech-summit-24-e439bf09','sp-mert-metin','Konuşmacı',0),
('ev-multitech-summit-24-e439bf09','sp-basak-daglioglu','Konuşmacı',0),
('ev-datacommit-series-d244edf8','sp-olgun-aydin','Konuşmacı',0),
('ev-hr-break-series-ff36df94','sp-aysegul-sari','Konuşmacı',0),
('ev-datacommit-series-d244edf8','sp-eren-akbaba','Konuşmacı',0),
('ev-hr-break-series-ff36df94','sp-busra-ince-cayir','Konuşmacı',0),
('ev-datacommit-series-d244edf8','sp-taner-sekmen','Konuşmacı',0),
('ev-hr-break-series-ff36df94','sp-irem-aral','Konuşmacı',0),
('ev-devfree-conference-24817dbe','sp-ugur-sensoy','Konuşmacı',0),
('ev-devfree-conference-24817dbe','sp-akin-demir','Konuşmacı',0),
('ev-devfree-conference-24817dbe','sp-omer-karaca','Konuşmacı',0),
('ev-devfree-conference-24817dbe','sp-emre-bayraktar','Konuşmacı',0),
('ev-datacommit-series-d244edf8','sp-murat-sahin','Konuşmacı',0),
('ev-hr-break-series-ff36df94','sp-veli-bahceci','Konuşmacı',0),
('ev-generativeai-fundamentals-with-gemini-64a8a503','sp-daron-yondem','Konuşmacı',0),
('ev-generativeai-fundamentals-with-gemini-64a8a503','sp-enes-fehmi-manan','Konuşmacı',0),
('ev-generativeai-fundamentals-with-gemini-64a8a503','sp-tolga-kurtulus','Konuşmacı',0),
('ev-generativeai-fundamentals-with-gemini-64a8a503','sp-emrah-mete','Konuşmacı',0),
('ev-generativeai-fundamentals-with-gemini-64a8a503','sp-erhan-meydan','Konuşmacı',0),
('ev-generativeai-fundamentals-with-gemini-64a8a503','sp-seyma-sarigil','Konuşmacı',0),
('ev-android-blast-off-jetpack-compose-bootcamp-18857d79','sp-emre-ozcan','Konuşmacı',0),
('ev-mobile-developer-conference-2025-445c54f5','sp-oguz-gurler','Konuşmacı',0),
('ev-mobile-developer-conference-2025-445c54f5','sp-alper-tekin','Konuşmacı',0),
('ev-mobile-developer-conference-2025-445c54f5','sp-enes-zor','Konuşmacı',0),
('ev-mobile-developer-conference-2025-445c54f5','sp-gulben-unal-yaras','Konuşmacı',0),
('ev-mobile-developer-conference-2025-445c54f5','sp-ozge-usta','Konuşmacı',0),
('ev-mobile-developer-conference-2025-445c54f5','sp-nilufer-erdogan','Konuşmacı',0),
('ev-mobile-developer-conference-2025-445c54f5','sp-kaan-enes-kapici','Konuşmacı',0),
('ev-mobile-developer-conference-2025-445c54f5','sp-simge-akkilic','Konuşmacı',0),
('ev-mobile-developer-conference-2025-445c54f5','sp-ayse-gul-topkara','Konuşmacı',0),
('ev-mobile-developer-conference-2025-445c54f5','sp-mustafa-gunes','Konuşmacı',0),
('ev-mobile-developer-conference-2025-445c54f5','sp-melike-ozburna','Konuşmacı',0),
('ev-mobile-developer-conference-2025-445c54f5','sp-dogukaan-kilicarslan','Konuşmacı',0),
('ev-mobile-developer-conference-2025-445c54f5','sp-emirhan-emmez','Konuşmacı',0),
('ev-mobile-developer-conference-2025-445c54f5','sp-furkan-aydemir','Konuşmacı',0),
('ev-mobile-developer-conference-2025-445c54f5','sp-mehmet-nuri-yaman','Konuşmacı',0),
('ev-mobile-developer-conference-2025-445c54f5','sp-ece-bahtiyar','Konuşmacı',0),
('ev-web-developer-summit-25-d7d891d6','sp-oguzhan-aslan','Konuşmacı',0),
('ev-web-developer-summit-25-d7d891d6','sp-cigdem-kadakoglu','Konuşmacı',0),
('ev-web-developer-summit-25-d7d891d6','sp-mercan-karabey-eke','Konuşmacı',0),
('ev-web-developer-summit-25-d7d891d6','sp-vehbi-emiroglu','Konuşmacı',0),
('ev-ios-developer-oluyorum-online-icerik-serisi-892cd7a2','sp-fatih-durmaz','Konuşmacı',0),
('gathin-96882134119504469163','sp-ayse-unye','Konuşmacı',0),
('gathin-96882134119504469163','sp-deniz-alkan','Konuşmacı',0),
('gathin-96882134119504469163','sp-halil-yildirim','Konuşmacı',0),
('gathin-96882134119504469163','sp-kubra-kurt','Konuşmacı',0),
('gathin-96882134119504469163','sp-fatih-guzel','Konuşmacı',0),
('gathin-96882134119504469163','sp-hamza-gorgulu','Konuşmacı',0),
('ev-ios-developer-oluyorum-online-icerik-serisi-892cd7a2','sp-kadir-aktas','Konuşmacı',0),
('gathin-62944986376529159230','sp-feyza-demirel','Konuşmacı',0),
('gathin-62944986376529159230','sp-murat-yucedag','Konuşmacı',0),
('gathin-62944986376529159230','sp-umit-samimi','Konuşmacı',0),
('gathin-62944986376529159230','sp-burak-karakus','Konuşmacı',0),
('gathin-62944986376529159230','sp-melis-dincol','Konuşmacı',0),
('gathin-62944986376529159230','sp-tekin-aggul','Konuşmacı',0),
('gathin-62944986376529159230','sp-cagri-colakoglu','Konuşmacı',0),
('gathin-62944986376529159230','sp-urem-sancaktutan','Konuşmacı',0),
('gathin-62944986376529159230','sp-selen-dumanogullari','Konuşmacı',0),
('gathin-62944986376529159230','sp-ismail-ozcelik','Konuşmacı',0),
('gathin-62944986376529159230','sp-selen-kosar','Konuşmacı',0),
('gathin-62944986376529159230','sp-mutlu-ozkurt','Konuşmacı',0),
('gathin-62944986376529159230','sp-sencer-oztufekci','Konuşmacı',0),
('ev-ios-developer-oluyorum-online-icerik-serisi-892cd7a2','sp-yigit-alp-ciray','Konuşmacı',0),
('gathin-00862251114890812610','sp-burak-yucel','Konuşmacı',0),
('gathin-00862251114890812610','sp-gizem-gur','Konuşmacı',0),
('gathin-00862251114890812610','sp-sukru-imre','Konuşmacı',0),
('gathin-00862251114890812610','sp-vedat-karaagac','Konuşmacı',0),
('gathin-00862251114890812610','sp-halil-furkan-turk','Konuşmacı',0),
('gathin-00862251114890812610','sp-fatma-safak','Konuşmacı',0),
('gathin-00862251114890812610','sp-begum-bozoglu','Konuşmacı',0),
('gathin-00862251114890812610','sp-irem-elif-aydogdu','Konuşmacı',0),
('gathin-00862251114890812610','sp-bahadir-unal','Konuşmacı',0),
('gathin-00862251114890812610','sp-hilal-meydan','Konuşmacı',0),
('gathin-05614690565471726501','sp-engin-deniz-alpman','Konuşmacı',0),
('gathin-30356925359298502841','sp-yagmur-unsal','Konuşmacı',0),
('gathin-30356925359298502841','sp-latif-atci','Konuşmacı',0),
('gathin-30356925359298502841','sp-melissa-corali','Konuşmacı',0),
('gathin-30356925359298502841','sp-damla-cim','Konuşmacı',0),
('gathin-93146546978456602071','sp-aydin-norouzi','Konuşmacı',0),
('gathin-93146546978456602071','sp-ismail-gungor','Konuşmacı',0),
('gathin-71746012821530826513','sp-buse-selvi','Konuşmacı',0),
('gathin-71746012821530826513','sp-arda-arican','Konuşmacı',0),
('gathin-71746012821530826513','sp-ahmet-faruk-kara','Konuşmacı',0),
('gathin-71746012821530826513','sp-ahmet-kerem-gunduz','Konuşmacı',0),
('gathin-71746012821530826513','sp-cagdas-yilmaz','Konuşmacı',0),
('gathin-71746012821530826513','sp-emine-gurcu','Konuşmacı',0),
('gathin-71746012821530826513','sp-kaan-arda-coskuntuna','Konuşmacı',0),
('gathin-71746012821530826513','sp-halil-ibrahim-cakiroglu','Konuşmacı',0),
('gathin-99241793086215583681','sp-zeynep-alkoc','Konuşmacı',0),
('gathin-99241793086215583681','sp-ismail-simsek','Konuşmacı',0),
('gathin-48336981211368838149','sp-avni-bilal-demirtas','Konuşmacı',0),
('gathin-48336981211368838149','sp-ilgin-sel-balta','Konuşmacı',0),
('gathin-92408168621499537800','sp-oguzhan-oz','Konuşmacı',0),
('gathin-64977629554876323476','sp-gizem-arpay','Konuşmacı',0),
('gathin-92408168621499537800','sp-turgay-esen','Konuşmacı',0),
('gathin-92408168621499537800','sp-hasan-fehmi-barun','Konuşmacı',0),
('gathin-92408168621499537800','sp-sarp-ogul-cali','Konuşmacı',0),
('gathin-92408168621499537800','sp-huseyin-can-cirak','Konuşmacı',0),
('gathin-64977629554876323476','sp-onur-ozkan','Konuşmacı',0),
('gathin-64977629554876323476','sp-hayati-enes-basat','Konuşmacı',0),
('gathin-17806203016586284320','sp-kubra-bilgic','Konuşmacı',0),
('gathin-17806203016586284320','sp-havva-cevikyigit','Konuşmacı',0),
('gathin-64977629554876323476','sp-evren-ozkip','Konuşmacı',0);
